-- Bundled catalog + reference progress (from workout_programs.json + progress_data.json).
-- Generated by supabase/scripts/generate_seed.py — safe to re-run via db reset / db push.
-- Idempotent upserts (no truncate). After first production deploy, add a new migration for catalog bumps.

begin;

-- exercises
insert into public.exercises (id, name, name_key) values ('328a593d-b1e3-50cd-b014-f3d2e93c2b11'::uuid, '45 Degree Incline DB Press', '45 degree incline db press') on conflict (name_key) do update set name = excluded.name;
insert into public.exercises (id, name, name_key) values ('14873132-e6ad-5f88-aa48-5052400efac7'::uuid, '45 Hyper Ext', '45 hyper ext') on conflict (name_key) do update set name = excluded.name;
insert into public.exercises (id, name, name_key) values ('68456846-a194-53c7-b42c-bba4003374d7'::uuid, 'Ab Crunch', 'ab crunch') on conflict (name_key) do update set name = excluded.name;
insert into public.exercises (id, name, name_key) values ('218485e3-d60f-5a52-a5f0-8d29df177a42'::uuid, 'Arnold Press', 'arnold press') on conflict (name_key) do update set name = excluded.name;
insert into public.exercises (id, name, name_key) values ('a280a80a-651d-5108-add6-ace3fa9da870'::uuid, 'Barbell RDL', 'barbell rdl') on conflict (name_key) do update set name = excluded.name;
insert into public.exercises (id, name, name_key) values ('df9ecd65-59df-5482-b667-518a369fb07b'::uuid, 'BB Military Press', 'bb military press') on conflict (name_key) do update set name = excluded.name;
insert into public.exercises (id, name, name_key) values ('3606fe51-8f68-5227-8d83-74f852ebc8e3'::uuid, 'Bench Press (Barbell)', 'bench press (barbell)') on conflict (name_key) do update set name = excluded.name;
insert into public.exercises (id, name, name_key) values ('ad6a418c-0947-50d4-ae47-ce6b3e9bae0c'::uuid, 'Bench Press - Wide Grip (Barbell)', 'bench press - wide grip (barbell)') on conflict (name_key) do update set name = excluded.name;
insert into public.exercises (id, name, name_key) values ('39aff0b1-4fb7-5884-8b81-72530ae8a8a9'::uuid, 'Bent Over Row (Barbell)', 'bent over row (barbell)') on conflict (name_key) do update set name = excluded.name;
insert into public.exercises (id, name, name_key) values ('bb72b23d-7cca-578c-9c9e-f01d5928cf9a'::uuid, 'Bicep Curl', 'bicep curl') on conflict (name_key) do update set name = excluded.name;
insert into public.exercises (id, name, name_key) values ('8e6d64b5-6083-5145-9b51-72fb96971d8a'::uuid, 'Bicep Curl (Cable)', 'bicep curl (cable)') on conflict (name_key) do update set name = excluded.name;
insert into public.exercises (id, name, name_key) values ('96c82045-457c-5982-8ef2-e81881182402'::uuid, 'Bicep Curl (Dumbbell)', 'bicep curl (dumbbell)') on conflict (name_key) do update set name = excluded.name;
insert into public.exercises (id, name, name_key) values ('3742940c-7fba-5aab-b956-a88cf988d312'::uuid, 'Bulgarian Split Squat', 'bulgarian split squat') on conflict (name_key) do update set name = excluded.name;
insert into public.exercises (id, name, name_key) values ('2825f886-04be-56a0-a985-66602b36e301'::uuid, 'Cable Curls', 'cable curls') on conflict (name_key) do update set name = excluded.name;
insert into public.exercises (id, name, name_key) values ('32ffd21a-6852-5537-b12c-034c44a31ee5'::uuid, 'Cable Rope Pullover', 'cable rope pullover') on conflict (name_key) do update set name = excluded.name;
insert into public.exercises (id, name, name_key) values ('6bade738-c441-5f36-a2e5-61aa63a87560'::uuid, 'Calf Raise', 'calf raise') on conflict (name_key) do update set name = excluded.name;
insert into public.exercises (id, name, name_key) values ('184bd666-1732-58a1-b6e7-c20f9eb5f721'::uuid, 'Chest Press (Machine)', 'chest press (machine)') on conflict (name_key) do update set name = excluded.name;
insert into public.exercises (id, name, name_key) values ('f5706cc1-e4d1-5462-b0e1-de0a9a56b68b'::uuid, 'Chest Supp Machine Row Neutral Grip', 'chest supp machine row neutral grip') on conflict (name_key) do update set name = excluded.name;
insert into public.exercises (id, name, name_key) values ('154e7948-109a-5654-ae9a-d5ed8c61bb06'::uuid, 'Chest Supp Machine Row Overhand Grip', 'chest supp machine row overhand grip') on conflict (name_key) do update set name = excluded.name;
insert into public.exercises (id, name, name_key) values ('b97737d1-2a04-51d8-9731-41ddd1709e82'::uuid, 'Close-Grip Bench Press', 'close-grip bench press') on conflict (name_key) do update set name = excluded.name;
insert into public.exercises (id, name, name_key) values ('c2b6ca83-8fd9-5692-83b5-b5ed3ac49f91'::uuid, 'DB Bench Press', 'db bench press') on conflict (name_key) do update set name = excluded.name;
insert into public.exercises (id, name, name_key) values ('5fbb92ff-5bc8-59f0-95a4-a7166eb7ccda'::uuid, 'DB Fly', 'db fly') on conflict (name_key) do update set name = excluded.name;
insert into public.exercises (id, name, name_key) values ('48ad79ae-b000-5bfe-a4d8-9e7141477958'::uuid, 'DB Lat Raises', 'db lat raises') on conflict (name_key) do update set name = excluded.name;
insert into public.exercises (id, name, name_key) values ('6abe1aa2-0131-5c6c-ba04-a42bb574bc2c'::uuid, 'DB RDL', 'db rdl') on conflict (name_key) do update set name = excluded.name;
insert into public.exercises (id, name, name_key) values ('65adac96-47ed-5056-8e47-fb2a93bd0781'::uuid, 'DB Shoulder Press', 'db shoulder press') on conflict (name_key) do update set name = excluded.name;
insert into public.exercises (id, name, name_key) values ('3b26eba5-52c1-5637-a3ab-2f684de8bf57'::uuid, 'Decline Push-Up', 'decline push-up') on conflict (name_key) do update set name = excluded.name;
insert into public.exercises (id, name, name_key) values ('60425b23-8f46-5d89-b523-98e9d73e209d'::uuid, 'Dips', 'dips') on conflict (name_key) do update set name = excluded.name;
insert into public.exercises (id, name, name_key) values ('92835cdf-3c3e-5908-8cbb-1868e5be830e'::uuid, 'Dumbbell Bench Press', 'dumbbell bench press') on conflict (name_key) do update set name = excluded.name;
insert into public.exercises (id, name, name_key) values ('b1713d09-d6f7-51b6-a3a7-396824608a2b'::uuid, 'Dumbbell Fly', 'dumbbell fly') on conflict (name_key) do update set name = excluded.name;
insert into public.exercises (id, name, name_key) values ('31f422ef-ab53-51cd-8559-5e78bcf457a4'::uuid, 'Dumbbell Lateral Raise', 'dumbbell lateral raise') on conflict (name_key) do update set name = excluded.name;
insert into public.exercises (id, name, name_key) values ('a70169b0-9995-5f88-ba3a-84e5e11e3d9d'::uuid, 'Dumbbell Split Squat', 'dumbbell split squat') on conflict (name_key) do update set name = excluded.name;
insert into public.exercises (id, name, name_key) values ('5b509ce9-caf5-5ed5-87be-848b9e80414b'::uuid, 'EZ Skullcrusher', 'ez skullcrusher') on conflict (name_key) do update set name = excluded.name;
insert into public.exercises (id, name, name_key) values ('023ce2c7-448a-531f-9bdb-dd813275ce67'::uuid, 'Face Pull (Cable)', 'face pull (cable)') on conflict (name_key) do update set name = excluded.name;
insert into public.exercises (id, name, name_key) values ('a11d014a-feac-50e9-b66f-f6993170615a'::uuid, 'Face Pulls', 'face pulls') on conflict (name_key) do update set name = excluded.name;
insert into public.exercises (id, name, name_key) values ('9bd6410d-1e32-56d4-9f7f-7641c676a0a3'::uuid, 'Flat Bench Press', 'flat bench press') on conflict (name_key) do update set name = excluded.name;
insert into public.exercises (id, name, name_key) values ('84eb9c20-7bf2-583a-b96f-f2f2a169afd5'::uuid, 'Flat DB Press', 'flat db press') on conflict (name_key) do update set name = excluded.name;
insert into public.exercises (id, name, name_key) values ('c9dfa5b7-00d2-5266-8f95-bb20ed433de5'::uuid, 'Front Raises', 'front raises') on conflict (name_key) do update set name = excluded.name;
insert into public.exercises (id, name, name_key) values ('37e2688a-67c8-58a4-864d-959aa6e89308'::uuid, 'Goblet Squat', 'goblet squat') on conflict (name_key) do update set name = excluded.name;
insert into public.exercises (id, name, name_key) values ('5d3e2b5a-dd5d-5553-87f3-0aede557d391'::uuid, 'Goblet Squat (Kettlebell)', 'goblet squat (kettlebell)') on conflict (name_key) do update set name = excluded.name;
insert into public.exercises (id, name, name_key) values ('0a0d0f2f-0560-5b32-9d4e-c50ad9717bde'::uuid, 'Hack Squat', 'hack squat') on conflict (name_key) do update set name = excluded.name;
insert into public.exercises (id, name, name_key) values ('e06c416e-994f-516e-984c-46ac44c3ee09'::uuid, 'Hammer Curl (Dumbbell)', 'hammer curl (dumbbell)') on conflict (name_key) do update set name = excluded.name;
insert into public.exercises (id, name, name_key) values ('e26aa031-07ec-5902-9df4-2612f3e60f1f'::uuid, 'Hammer Curls', 'hammer curls') on conflict (name_key) do update set name = excluded.name;
insert into public.exercises (id, name, name_key) values ('fff4f0b8-d6f1-58a3-b226-3ccfe6fcc5db'::uuid, 'Horizontal Leg Press', 'horizontal leg press') on conflict (name_key) do update set name = excluded.name;
insert into public.exercises (id, name, name_key) values ('a37eaff3-9bbf-58c5-9870-2235f883057d'::uuid, 'Incline Back Extensions', 'incline back extensions') on conflict (name_key) do update set name = excluded.name;
insert into public.exercises (id, name, name_key) values ('a19d1e35-de59-54cb-842b-16f93065c052'::uuid, 'Incline Bench Press (Dumbbell)', 'incline bench press (dumbbell)') on conflict (name_key) do update set name = excluded.name;
insert into public.exercises (id, name, name_key) values ('f3aff0a4-885c-5f57-a5a4-f3d4b7be3686'::uuid, 'Incline Chest Press (Machine)', 'incline chest press (machine)') on conflict (name_key) do update set name = excluded.name;
insert into public.exercises (id, name, name_key) values ('5290bbc5-6e6b-57eb-9a4b-e7ab9e4625b9'::uuid, 'Incline Dumbbell Press', 'incline dumbbell press') on conflict (name_key) do update set name = excluded.name;
insert into public.exercises (id, name, name_key) values ('b5bf19be-16e4-5706-92fa-a047f9f35113'::uuid, 'Lat Pulldown (Cable)', 'lat pulldown (cable)') on conflict (name_key) do update set name = excluded.name;
insert into public.exercises (id, name, name_key) values ('fd44f12c-3811-5477-ae43-998359f560a8'::uuid, 'Lat Raises', 'lat raises') on conflict (name_key) do update set name = excluded.name;
insert into public.exercises (id, name, name_key) values ('ac31f60a-aed0-5ad9-8223-6a5cf5105271'::uuid, 'Lateral Raise (Cable)', 'lateral raise (cable)') on conflict (name_key) do update set name = excluded.name;
insert into public.exercises (id, name, name_key) values ('6682a0ea-363a-51ce-8800-a38312024a82'::uuid, 'Lateral Raise (Dumbbell)', 'lateral raise (dumbbell)') on conflict (name_key) do update set name = excluded.name;
insert into public.exercises (id, name, name_key) values ('65c9a2e8-9d39-5510-bcf0-fd85837867bb'::uuid, 'Lateral Raise (Machine)', 'lateral raise (machine)') on conflict (name_key) do update set name = excluded.name;
insert into public.exercises (id, name, name_key) values ('ae43d5b0-3299-5ecf-832c-23178ac4fb1c'::uuid, 'Leg Extension', 'leg extension') on conflict (name_key) do update set name = excluded.name;
insert into public.exercises (id, name, name_key) values ('c70ba2c5-9b1a-50f2-affd-21f906428ee9'::uuid, 'Leg Extension (Machine)', 'leg extension (machine)') on conflict (name_key) do update set name = excluded.name;
insert into public.exercises (id, name, name_key) values ('6f79f10b-2cb4-5ec7-b732-c92353d1377e'::uuid, 'Leg Press', 'leg press') on conflict (name_key) do update set name = excluded.name;
insert into public.exercises (id, name, name_key) values ('3d3923ba-baa3-522b-85c9-cbbd77e5ead3'::uuid, 'Low Incline DB Press', 'low incline db press') on conflict (name_key) do update set name = excluded.name;
insert into public.exercises (id, name, name_key) values ('35266b79-b63f-5bf1-ae06-d420597eef76'::uuid, 'Low Incline Smith', 'low incline smith') on conflict (name_key) do update set name = excluded.name;
insert into public.exercises (id, name, name_key) values ('57626014-d298-5fb8-9b46-bed21e43471a'::uuid, 'Lunge (Dumbbell)', 'lunge (dumbbell)') on conflict (name_key) do update set name = excluded.name;
insert into public.exercises (id, name, name_key) values ('043bec26-8331-5336-a38a-2bf9fe81e17f'::uuid, 'Lying Leg Curl', 'lying leg curl') on conflict (name_key) do update set name = excluded.name;
insert into public.exercises (id, name, name_key) values ('21bf1fd2-e3fb-5c23-9072-8b44692ad5b4'::uuid, 'Lying Leg Curl (Machine)', 'lying leg curl (machine)') on conflict (name_key) do update set name = excluded.name;
insert into public.exercises (id, name, name_key) values ('e0e4e699-94e8-5247-84d4-117cefd500ae'::uuid, 'Lying Tricep Extensions', 'lying tricep extensions') on conflict (name_key) do update set name = excluded.name;
insert into public.exercises (id, name, name_key) values ('cff22030-6f41-5000-a127-d92082737d0c'::uuid, 'Machine Chest Press', 'machine chest press') on conflict (name_key) do update set name = excluded.name;
insert into public.exercises (id, name, name_key) values ('9ec71266-7cf1-5953-83b9-0d79ddbdc86e'::uuid, 'Machine Lateral Raise', 'machine lateral raise') on conflict (name_key) do update set name = excluded.name;
insert into public.exercises (id, name, name_key) values ('57522dbc-5ec2-507e-b6a8-b4f763e1d3a2'::uuid, 'Machine Preacher Curl', 'machine preacher curl') on conflict (name_key) do update set name = excluded.name;
insert into public.exercises (id, name, name_key) values ('2b966083-4f4c-5a1d-aa67-69f6e687d686'::uuid, 'Machine Row', 'machine row') on conflict (name_key) do update set name = excluded.name;
insert into public.exercises (id, name, name_key) values ('2b99d581-11c7-5680-a321-432596f24891'::uuid, 'Machine Row Overhand', 'machine row overhand') on conflict (name_key) do update set name = excluded.name;
insert into public.exercises (id, name, name_key) values ('2eee423b-ecb8-508d-87e0-2ff9377bc13c'::uuid, 'Machine Shoulder Press', 'machine shoulder press') on conflict (name_key) do update set name = excluded.name;
insert into public.exercises (id, name, name_key) values ('93b5c7ec-02eb-5e04-9383-0061255d1d82'::uuid, 'OHP', 'ohp') on conflict (name_key) do update set name = excluded.name;
insert into public.exercises (id, name, name_key) values ('ccd802dc-d01b-58ae-9db4-af50b64dbb8b'::uuid, 'One Arm Row', 'one arm row') on conflict (name_key) do update set name = excluded.name;
insert into public.exercises (id, name, name_key) values ('e504991b-afa7-58e0-80a9-97c10c5d40cb'::uuid, 'Overhead Dumbbell Extension', 'overhead dumbbell extension') on conflict (name_key) do update set name = excluded.name;
insert into public.exercises (id, name, name_key) values ('fbeb728d-5d90-562c-8f7d-a033c2da5c3c'::uuid, 'Overhead Press (Dumbbell)', 'overhead press (dumbbell)') on conflict (name_key) do update set name = excluded.name;
insert into public.exercises (id, name, name_key) values ('9f6fd5f3-ac4b-549c-a3b2-ab314d25f835'::uuid, 'Overhead Tricep Extension', 'overhead tricep extension') on conflict (name_key) do update set name = excluded.name;
insert into public.exercises (id, name, name_key) values ('a3256bbd-c2ed-57d8-8eca-43401a45b875'::uuid, 'Pec Dec', 'pec dec') on conflict (name_key) do update set name = excluded.name;
insert into public.exercises (id, name, name_key) values ('edfcca99-07fe-57a0-b147-7dd039334e9b'::uuid, 'Pec Deck (Machine)', 'pec deck (machine)') on conflict (name_key) do update set name = excluded.name;
insert into public.exercises (id, name, name_key) values ('f703ba89-db43-5975-8bee-157b6fbccb70'::uuid, 'Plank', 'plank') on conflict (name_key) do update set name = excluded.name;
insert into public.exercises (id, name, name_key) values ('c3c71496-6dfd-50be-acb3-71bad040dc5b'::uuid, 'Preacher Curl', 'preacher curl') on conflict (name_key) do update set name = excluded.name;
insert into public.exercises (id, name, name_key) values ('5781fd8b-1073-5f36-bc63-695a3628a130'::uuid, 'Preacher Curl (Machine)', 'preacher curl (machine)') on conflict (name_key) do update set name = excluded.name;
insert into public.exercises (id, name, name_key) values ('dfef2de1-7488-5c15-b653-6729b8bd3b87'::uuid, 'Pull Up', 'pull up') on conflict (name_key) do update set name = excluded.name;
insert into public.exercises (id, name, name_key) values ('f64667c2-2b94-5829-925c-d0e101373ca8'::uuid, 'Push-Up', 'push-up') on conflict (name_key) do update set name = excluded.name;
insert into public.exercises (id, name, name_key) values ('7b16ec9f-61d3-552c-90c2-2414cf9df11f'::uuid, 'Rack Deadlift', 'rack deadlift') on conflict (name_key) do update set name = excluded.name;
insert into public.exercises (id, name, name_key) values ('f5483f14-8e19-5d39-b7f2-40373d489bb9'::uuid, 'RDL Barbell', 'rdl barbell') on conflict (name_key) do update set name = excluded.name;
insert into public.exercises (id, name, name_key) values ('fe2b3a5e-670d-5461-886d-ad6997488626'::uuid, 'Rear Delt Fly', 'rear delt fly') on conflict (name_key) do update set name = excluded.name;
insert into public.exercises (id, name, name_key) values ('a2eedf7b-b9e3-5f6a-a9ba-6d66f05ce56e'::uuid, 'Reverse Fly', 'reverse fly') on conflict (name_key) do update set name = excluded.name;
insert into public.exercises (id, name, name_key) values ('3506d850-0364-5dbd-835f-44ca7c1d3c97'::uuid, 'Reverse Fly (Machine)', 'reverse fly (machine)') on conflict (name_key) do update set name = excluded.name;
insert into public.exercises (id, name, name_key) values ('cf6a356b-4179-55a0-9610-895ee0ca3500'::uuid, 'Reverse Pec Dec', 'reverse pec dec') on conflict (name_key) do update set name = excluded.name;
insert into public.exercises (id, name, name_key) values ('fa690959-d8bb-5e95-a07f-206062786672'::uuid, 'Romanian Deadlift (Barbell)', 'romanian deadlift (barbell)') on conflict (name_key) do update set name = excluded.name;
insert into public.exercises (id, name, name_key) values ('6b64e15b-8475-5c91-959c-b6735cdadf42'::uuid, 'Romanian Deadlift (Dumbbell)', 'romanian deadlift (dumbbell)') on conflict (name_key) do update set name = excluded.name;
insert into public.exercises (id, name, name_key) values ('1e10776f-6c63-58a1-8bfc-ef197e2f9201'::uuid, 'Russian Twist', 'russian twist') on conflict (name_key) do update set name = excluded.name;
insert into public.exercises (id, name, name_key) values ('dedefc55-63c1-516d-ac67-27421917a335'::uuid, 'Seated Bicep Curl', 'seated bicep curl') on conflict (name_key) do update set name = excluded.name;
insert into public.exercises (id, name, name_key) values ('7547bb58-9dbf-53a9-a3eb-f28377888563'::uuid, 'Seated Bicep Curls', 'seated bicep curls') on conflict (name_key) do update set name = excluded.name;
insert into public.exercises (id, name, name_key) values ('5284c0ae-82ca-536e-bf29-281625c34043'::uuid, 'Seated Calf Raise (Machine)', 'seated calf raise (machine)') on conflict (name_key) do update set name = excluded.name;
insert into public.exercises (id, name, name_key) values ('2f6a9102-425b-52c3-b064-6552cf44d21e'::uuid, 'Seated Calf Raise (Plate Loaded)', 'seated calf raise (plate loaded)') on conflict (name_key) do update set name = excluded.name;
insert into public.exercises (id, name, name_key) values ('7bbb4981-9df0-5db3-8fab-ed3f7420d96c'::uuid, 'Seated Hamstring Curl', 'seated hamstring curl') on conflict (name_key) do update set name = excluded.name;
insert into public.exercises (id, name, name_key) values ('b9a4a4ad-4f96-50d3-b75e-59ada3c0d233'::uuid, 'Seated Overhead Press (Barbell)', 'seated overhead press (barbell)') on conflict (name_key) do update set name = excluded.name;
insert into public.exercises (id, name, name_key) values ('7438e122-36f5-5374-8dd6-66cc97b3778b'::uuid, 'Seated Overhead Press (Dumbbell)', 'seated overhead press (dumbbell)') on conflict (name_key) do update set name = excluded.name;
insert into public.exercises (id, name, name_key) values ('b2a30b56-284b-5c9a-a1f3-05608e92e114'::uuid, 'Seated Row', 'seated row') on conflict (name_key) do update set name = excluded.name;
insert into public.exercises (id, name, name_key) values ('d8f42e90-ced5-560a-bb20-28034ede9f28'::uuid, 'Seated Row (Cable)', 'seated row (cable)') on conflict (name_key) do update set name = excluded.name;
insert into public.exercises (id, name, name_key) values ('73db24ca-c306-57df-95e7-c44cbd200be9'::uuid, 'Seated Row (Machine)', 'seated row (machine)') on conflict (name_key) do update set name = excluded.name;
insert into public.exercises (id, name, name_key) values ('270ff1cb-5490-54af-aaed-86dd0c39fe74'::uuid, 'Shoulder Press (Plate Loaded)', 'shoulder press (plate loaded)') on conflict (name_key) do update set name = excluded.name;
insert into public.exercises (id, name, name_key) values ('2b46a855-fcbe-5239-b9ea-81720f24027d'::uuid, 'Single Arm Lat Pull Down', 'single arm lat pull down') on conflict (name_key) do update set name = excluded.name;
insert into public.exercises (id, name, name_key) values ('e4c8a95e-45c1-5acf-a22b-53038f5297d0'::uuid, 'Single Arm Row', 'single arm row') on conflict (name_key) do update set name = excluded.name;
insert into public.exercises (id, name, name_key) values ('a5676bb2-29c2-5cad-8238-d0163fdbda72'::uuid, 'Smith Bent Over Row', 'smith bent over row') on conflict (name_key) do update set name = excluded.name;
insert into public.exercises (id, name, name_key) values ('13195f98-d5d6-5778-b191-aa6a39a534af'::uuid, 'Smith Machine Bench Press', 'smith machine bench press') on conflict (name_key) do update set name = excluded.name;
insert into public.exercises (id, name, name_key) values ('816b7418-6bd8-5598-b80b-a5eff17dd38d'::uuid, 'Smith Machine RDL', 'smith machine rdl') on conflict (name_key) do update set name = excluded.name;
insert into public.exercises (id, name, name_key) values ('77b747c9-61a6-5209-b0d7-75269000f3a5'::uuid, 'Squat (Dumbbell)', 'squat (dumbbell)') on conflict (name_key) do update set name = excluded.name;
insert into public.exercises (id, name, name_key) values ('96231b75-96ee-5a48-9289-99facdb2b42d'::uuid, 'Standing Calf Raise', 'standing calf raise') on conflict (name_key) do update set name = excluded.name;
insert into public.exercises (id, name, name_key) values ('efd65197-a81e-590d-a2da-c90f71f7dfbe'::uuid, 'Standing Calf Raise (Machine)', 'standing calf raise (machine)') on conflict (name_key) do update set name = excluded.name;
insert into public.exercises (id, name, name_key) values ('d3ff431d-8434-5c77-ae66-f305824c2a47'::uuid, 'Standing DB Bicep Curl', 'standing db bicep curl') on conflict (name_key) do update set name = excluded.name;
insert into public.exercises (id, name, name_key) values ('72178a42-6d1f-53a5-b96c-0386a74637ee'::uuid, 'Standing DB Overhead Press', 'standing db overhead press') on conflict (name_key) do update set name = excluded.name;
insert into public.exercises (id, name, name_key) values ('0451dfac-9346-57b3-8d7b-5aaa377cb574'::uuid, 'Swiss Ball Crunch', 'swiss ball crunch') on conflict (name_key) do update set name = excluded.name;
insert into public.exercises (id, name, name_key) values ('6fcc3df6-1c49-52bf-a6f4-8097bc46047b'::uuid, 'T Bar Row', 't bar row') on conflict (name_key) do update set name = excluded.name;
insert into public.exercises (id, name, name_key) values ('f2604f82-76f2-5c2d-b849-ed58f9ec1c7d'::uuid, 'Tricep Crossbody Extension', 'tricep crossbody extension') on conflict (name_key) do update set name = excluded.name;
insert into public.exercises (id, name, name_key) values ('bdbaff9d-2a84-53ae-8c63-bae383b81857'::uuid, 'Tricep Pushdowns', 'tricep pushdowns') on conflict (name_key) do update set name = excluded.name;
insert into public.exercises (id, name, name_key) values ('c9e697ba-d628-54c9-9211-0f17f3eb0754'::uuid, 'Triceps Extension', 'triceps extension') on conflict (name_key) do update set name = excluded.name;
insert into public.exercises (id, name, name_key) values ('49933695-d270-5bc9-8f9c-8e0cc9887c48'::uuid, 'Triceps Extension (Cable)', 'triceps extension (cable)') on conflict (name_key) do update set name = excluded.name;
insert into public.exercises (id, name, name_key) values ('efcfe102-fcc6-5cbf-9a3e-8fd73f5faa74'::uuid, 'Triceps Pushdown (Cable - Straight Bar)', 'triceps pushdown (cable - straight bar)') on conflict (name_key) do update set name = excluded.name;
insert into public.exercises (id, name, name_key) values ('ad181cff-1235-5ae3-a433-822e74ddeb0a'::uuid, 'Walking Lunges', 'walking lunges') on conflict (name_key) do update set name = excluded.name;
insert into public.exercises (id, name, name_key) values ('c901db58-238c-5ba3-a03c-7bab0ca30773'::uuid, 'Wide Grip Pull Up', 'wide grip pull up') on conflict (name_key) do update set name = excluded.name;

-- catalog programs + days + lines
insert into public.catalog_programs (id, name, subtitle, period, date_range, color, is_user_created) values ('program-1', 'Program 1', '3-Day Split', 'Apr – Aug 2023', 'April 2023 – August 2023', '#22C55E', false) on conflict (id) do update set name = excluded.name, subtitle = excluded.subtitle, period = excluded.period, date_range = excluded.date_range, color = excluded.color, is_user_created = excluded.is_user_created;
insert into public.catalog_program_days (id, program_id, day_index, label) values ('f0e3e9c8-aad6-572c-a0f1-605c669d9c56'::uuid, 'program-1', 0, 'Day 1 – Upper Body') on conflict (program_id, day_index) do update set label = excluded.label;
insert into public.catalog_day_exercises (program_day_id, exercise_id, sort_order, max_weight, target_sets, superset_group, is_amrap, is_warmup, notes) values ('f0e3e9c8-aad6-572c-a0f1-605c669d9c56'::uuid, 'c901db58-238c-5ba3-a03c-7bab0ca30773'::uuid, 0, '45 lbs', 3, null, null, null, null) on conflict (program_day_id, sort_order) do update set exercise_id = excluded.exercise_id, max_weight = excluded.max_weight, target_sets = excluded.target_sets, superset_group = excluded.superset_group, is_amrap = excluded.is_amrap, is_warmup = excluded.is_warmup, notes = excluded.notes;
insert into public.catalog_day_exercises (program_day_id, exercise_id, sort_order, max_weight, target_sets, superset_group, is_amrap, is_warmup, notes) values ('f0e3e9c8-aad6-572c-a0f1-605c669d9c56'::uuid, '3d3923ba-baa3-522b-85c9-cbbd77e5ead3'::uuid, 1, '155 lbs', 3, null, null, null, null) on conflict (program_day_id, sort_order) do update set exercise_id = excluded.exercise_id, max_weight = excluded.max_weight, target_sets = excluded.target_sets, superset_group = excluded.superset_group, is_amrap = excluded.is_amrap, is_warmup = excluded.is_warmup, notes = excluded.notes;
insert into public.catalog_day_exercises (program_day_id, exercise_id, sort_order, max_weight, target_sets, superset_group, is_amrap, is_warmup, notes) values ('f0e3e9c8-aad6-572c-a0f1-605c669d9c56'::uuid, '93b5c7ec-02eb-5e04-9383-0061255d1d82'::uuid, 2, '95 lbs', 3, null, null, null, null) on conflict (program_day_id, sort_order) do update set exercise_id = excluded.exercise_id, max_weight = excluded.max_weight, target_sets = excluded.target_sets, superset_group = excluded.superset_group, is_amrap = excluded.is_amrap, is_warmup = excluded.is_warmup, notes = excluded.notes;
insert into public.catalog_day_exercises (program_day_id, exercise_id, sort_order, max_weight, target_sets, superset_group, is_amrap, is_warmup, notes) values ('f0e3e9c8-aad6-572c-a0f1-605c669d9c56'::uuid, '2b99d581-11c7-5680-a321-432596f24891'::uuid, 3, '135 lbs', 3, null, null, null, null) on conflict (program_day_id, sort_order) do update set exercise_id = excluded.exercise_id, max_weight = excluded.max_weight, target_sets = excluded.target_sets, superset_group = excluded.superset_group, is_amrap = excluded.is_amrap, is_warmup = excluded.is_warmup, notes = excluded.notes;
insert into public.catalog_day_exercises (program_day_id, exercise_id, sort_order, max_weight, target_sets, superset_group, is_amrap, is_warmup, notes) values ('f0e3e9c8-aad6-572c-a0f1-605c669d9c56'::uuid, 'a3256bbd-c2ed-57d8-8eca-43401a45b875'::uuid, 4, '160 lbs', 3, null, null, null, null) on conflict (program_day_id, sort_order) do update set exercise_id = excluded.exercise_id, max_weight = excluded.max_weight, target_sets = excluded.target_sets, superset_group = excluded.superset_group, is_amrap = excluded.is_amrap, is_warmup = excluded.is_warmup, notes = excluded.notes;
insert into public.catalog_day_exercises (program_day_id, exercise_id, sort_order, max_weight, target_sets, superset_group, is_amrap, is_warmup, notes) values ('f0e3e9c8-aad6-572c-a0f1-605c669d9c56'::uuid, '57522dbc-5ec2-507e-b6a8-b4f763e1d3a2'::uuid, 5, '140 lbs', 3, null, null, null, null) on conflict (program_day_id, sort_order) do update set exercise_id = excluded.exercise_id, max_weight = excluded.max_weight, target_sets = excluded.target_sets, superset_group = excluded.superset_group, is_amrap = excluded.is_amrap, is_warmup = excluded.is_warmup, notes = excluded.notes;
insert into public.catalog_day_exercises (program_day_id, exercise_id, sort_order, max_weight, target_sets, superset_group, is_amrap, is_warmup, notes) values ('f0e3e9c8-aad6-572c-a0f1-605c669d9c56'::uuid, 'f2604f82-76f2-5c2d-b849-ed58f9ec1c7d'::uuid, 6, '57.5 lbs', 3, null, null, null, null) on conflict (program_day_id, sort_order) do update set exercise_id = excluded.exercise_id, max_weight = excluded.max_weight, target_sets = excluded.target_sets, superset_group = excluded.superset_group, is_amrap = excluded.is_amrap, is_warmup = excluded.is_warmup, notes = excluded.notes;
insert into public.catalog_day_exercises (program_day_id, exercise_id, sort_order, max_weight, target_sets, superset_group, is_amrap, is_warmup, notes) values ('f0e3e9c8-aad6-572c-a0f1-605c669d9c56'::uuid, '31f422ef-ab53-51cd-8559-5e78bcf457a4'::uuid, 7, '30 lbs', 3, null, null, null, null) on conflict (program_day_id, sort_order) do update set exercise_id = excluded.exercise_id, max_weight = excluded.max_weight, target_sets = excluded.target_sets, superset_group = excluded.superset_group, is_amrap = excluded.is_amrap, is_warmup = excluded.is_warmup, notes = excluded.notes;
insert into public.catalog_program_days (id, program_id, day_index, label) values ('7834ef2b-19cc-5af2-9958-9b5aee9be5c6'::uuid, 'program-1', 1, 'Day 2 – Lower Body') on conflict (program_id, day_index) do update set label = excluded.label;
insert into public.catalog_day_exercises (program_day_id, exercise_id, sort_order, max_weight, target_sets, superset_group, is_amrap, is_warmup, notes) values ('7834ef2b-19cc-5af2-9958-9b5aee9be5c6'::uuid, '6f79f10b-2cb4-5ec7-b732-c92353d1377e'::uuid, 0, '230 lbs', 3, null, null, null, null) on conflict (program_day_id, sort_order) do update set exercise_id = excluded.exercise_id, max_weight = excluded.max_weight, target_sets = excluded.target_sets, superset_group = excluded.superset_group, is_amrap = excluded.is_amrap, is_warmup = excluded.is_warmup, notes = excluded.notes;
insert into public.catalog_day_exercises (program_day_id, exercise_id, sort_order, max_weight, target_sets, superset_group, is_amrap, is_warmup, notes) values ('7834ef2b-19cc-5af2-9958-9b5aee9be5c6'::uuid, 'ad181cff-1235-5ae3-a433-822e74ddeb0a'::uuid, 1, '50 lbs', 3, null, null, null, null) on conflict (program_day_id, sort_order) do update set exercise_id = excluded.exercise_id, max_weight = excluded.max_weight, target_sets = excluded.target_sets, superset_group = excluded.superset_group, is_amrap = excluded.is_amrap, is_warmup = excluded.is_warmup, notes = excluded.notes;
insert into public.catalog_day_exercises (program_day_id, exercise_id, sort_order, max_weight, target_sets, superset_group, is_amrap, is_warmup, notes) values ('7834ef2b-19cc-5af2-9958-9b5aee9be5c6'::uuid, 'a280a80a-651d-5108-add6-ace3fa9da870'::uuid, 2, '135 lbs', 3, null, null, null, null) on conflict (program_day_id, sort_order) do update set exercise_id = excluded.exercise_id, max_weight = excluded.max_weight, target_sets = excluded.target_sets, superset_group = excluded.superset_group, is_amrap = excluded.is_amrap, is_warmup = excluded.is_warmup, notes = excluded.notes;
insert into public.catalog_day_exercises (program_day_id, exercise_id, sort_order, max_weight, target_sets, superset_group, is_amrap, is_warmup, notes) values ('7834ef2b-19cc-5af2-9958-9b5aee9be5c6'::uuid, 'ae43d5b0-3299-5ecf-832c-23178ac4fb1c'::uuid, 3, '190 lbs', 3, null, null, null, null) on conflict (program_day_id, sort_order) do update set exercise_id = excluded.exercise_id, max_weight = excluded.max_weight, target_sets = excluded.target_sets, superset_group = excluded.superset_group, is_amrap = excluded.is_amrap, is_warmup = excluded.is_warmup, notes = excluded.notes;
insert into public.catalog_day_exercises (program_day_id, exercise_id, sort_order, max_weight, target_sets, superset_group, is_amrap, is_warmup, notes) values ('7834ef2b-19cc-5af2-9958-9b5aee9be5c6'::uuid, '96231b75-96ee-5a48-9289-99facdb2b42d'::uuid, 4, '140 lbs', 3, null, null, null, null) on conflict (program_day_id, sort_order) do update set exercise_id = excluded.exercise_id, max_weight = excluded.max_weight, target_sets = excluded.target_sets, superset_group = excluded.superset_group, is_amrap = excluded.is_amrap, is_warmup = excluded.is_warmup, notes = excluded.notes;
insert into public.catalog_day_exercises (program_day_id, exercise_id, sort_order, max_weight, target_sets, superset_group, is_amrap, is_warmup, notes) values ('7834ef2b-19cc-5af2-9958-9b5aee9be5c6'::uuid, '48ad79ae-b000-5bfe-a4d8-9e7141477958'::uuid, 5, '20 lbs', 3, null, null, null, null) on conflict (program_day_id, sort_order) do update set exercise_id = excluded.exercise_id, max_weight = excluded.max_weight, target_sets = excluded.target_sets, superset_group = excluded.superset_group, is_amrap = excluded.is_amrap, is_warmup = excluded.is_warmup, notes = excluded.notes;
insert into public.catalog_program_days (id, program_id, day_index, label) values ('3df14cbb-daae-53d3-83b7-1ad110f9f38f'::uuid, 'program-1', 2, 'Day 3 – Full Body') on conflict (program_id, day_index) do update set label = excluded.label;
insert into public.catalog_day_exercises (program_day_id, exercise_id, sort_order, max_weight, target_sets, superset_group, is_amrap, is_warmup, notes) values ('3df14cbb-daae-53d3-83b7-1ad110f9f38f'::uuid, '65adac96-47ed-5056-8e47-fb2a93bd0781'::uuid, 0, '55 lbs', 3, null, null, null, null) on conflict (program_day_id, sort_order) do update set exercise_id = excluded.exercise_id, max_weight = excluded.max_weight, target_sets = excluded.target_sets, superset_group = excluded.superset_group, is_amrap = excluded.is_amrap, is_warmup = excluded.is_warmup, notes = excluded.notes;
insert into public.catalog_day_exercises (program_day_id, exercise_id, sort_order, max_weight, target_sets, superset_group, is_amrap, is_warmup, notes) values ('3df14cbb-daae-53d3-83b7-1ad110f9f38f'::uuid, 'cff22030-6f41-5000-a127-d92082737d0c'::uuid, 1, '180 lbs', 3, null, null, null, null) on conflict (program_day_id, sort_order) do update set exercise_id = excluded.exercise_id, max_weight = excluded.max_weight, target_sets = excluded.target_sets, superset_group = excluded.superset_group, is_amrap = excluded.is_amrap, is_warmup = excluded.is_warmup, notes = excluded.notes;
insert into public.catalog_day_exercises (program_day_id, exercise_id, sort_order, max_weight, target_sets, superset_group, is_amrap, is_warmup, notes) values ('3df14cbb-daae-53d3-83b7-1ad110f9f38f'::uuid, 'ccd802dc-d01b-58ae-9db4-af50b64dbb8b'::uuid, 2, '85 lbs', 3, null, null, null, null) on conflict (program_day_id, sort_order) do update set exercise_id = excluded.exercise_id, max_weight = excluded.max_weight, target_sets = excluded.target_sets, superset_group = excluded.superset_group, is_amrap = excluded.is_amrap, is_warmup = excluded.is_warmup, notes = excluded.notes;
insert into public.catalog_day_exercises (program_day_id, exercise_id, sort_order, max_weight, target_sets, superset_group, is_amrap, is_warmup, notes) values ('3df14cbb-daae-53d3-83b7-1ad110f9f38f'::uuid, 'fe2b3a5e-670d-5461-886d-ad6997488626'::uuid, 3, '100 lbs', 3, null, null, null, null) on conflict (program_day_id, sort_order) do update set exercise_id = excluded.exercise_id, max_weight = excluded.max_weight, target_sets = excluded.target_sets, superset_group = excluded.superset_group, is_amrap = excluded.is_amrap, is_warmup = excluded.is_warmup, notes = excluded.notes;
insert into public.catalog_day_exercises (program_day_id, exercise_id, sort_order, max_weight, target_sets, superset_group, is_amrap, is_warmup, notes) values ('3df14cbb-daae-53d3-83b7-1ad110f9f38f'::uuid, '37e2688a-67c8-58a4-864d-959aa6e89308'::uuid, 4, '60 lbs', 3, null, null, null, null) on conflict (program_day_id, sort_order) do update set exercise_id = excluded.exercise_id, max_weight = excluded.max_weight, target_sets = excluded.target_sets, superset_group = excluded.superset_group, is_amrap = excluded.is_amrap, is_warmup = excluded.is_warmup, notes = excluded.notes;
insert into public.catalog_day_exercises (program_day_id, exercise_id, sort_order, max_weight, target_sets, superset_group, is_amrap, is_warmup, notes) values ('3df14cbb-daae-53d3-83b7-1ad110f9f38f'::uuid, '043bec26-8331-5336-a38a-2bf9fe81e17f'::uuid, 5, '110 lbs', 3, null, null, null, null) on conflict (program_day_id, sort_order) do update set exercise_id = excluded.exercise_id, max_weight = excluded.max_weight, target_sets = excluded.target_sets, superset_group = excluded.superset_group, is_amrap = excluded.is_amrap, is_warmup = excluded.is_warmup, notes = excluded.notes;
insert into public.catalog_programs (id, name, subtitle, period, date_range, color, is_user_created) values ('program-2', 'Program 2', '4-Day Split', 'Sep – Oct 2023', 'September 2023 – October 2023', '#3B82F6', false) on conflict (id) do update set name = excluded.name, subtitle = excluded.subtitle, period = excluded.period, date_range = excluded.date_range, color = excluded.color, is_user_created = excluded.is_user_created;
insert into public.catalog_program_days (id, program_id, day_index, label) values ('8be67429-d0d9-5747-9529-641e9106066c'::uuid, 'program-2', 0, 'Day 1 – Upper Body') on conflict (program_id, day_index) do update set label = excluded.label;
insert into public.catalog_day_exercises (program_day_id, exercise_id, sort_order, max_weight, target_sets, superset_group, is_amrap, is_warmup, notes) values ('8be67429-d0d9-5747-9529-641e9106066c'::uuid, 'c901db58-238c-5ba3-a03c-7bab0ca30773'::uuid, 0, '45 lbs', 3, null, null, null, null) on conflict (program_day_id, sort_order) do update set exercise_id = excluded.exercise_id, max_weight = excluded.max_weight, target_sets = excluded.target_sets, superset_group = excluded.superset_group, is_amrap = excluded.is_amrap, is_warmup = excluded.is_warmup, notes = excluded.notes;
insert into public.catalog_day_exercises (program_day_id, exercise_id, sort_order, max_weight, target_sets, superset_group, is_amrap, is_warmup, notes) values ('8be67429-d0d9-5747-9529-641e9106066c'::uuid, '84eb9c20-7bf2-583a-b96f-f2f2a169afd5'::uuid, 1, '55 lbs', 3, null, null, null, null) on conflict (program_day_id, sort_order) do update set exercise_id = excluded.exercise_id, max_weight = excluded.max_weight, target_sets = excluded.target_sets, superset_group = excluded.superset_group, is_amrap = excluded.is_amrap, is_warmup = excluded.is_warmup, notes = excluded.notes;
insert into public.catalog_day_exercises (program_day_id, exercise_id, sort_order, max_weight, target_sets, superset_group, is_amrap, is_warmup, notes) values ('8be67429-d0d9-5747-9529-641e9106066c'::uuid, '2eee423b-ecb8-508d-87e0-2ff9377bc13c'::uuid, 2, '120 lbs', 3, null, null, null, null) on conflict (program_day_id, sort_order) do update set exercise_id = excluded.exercise_id, max_weight = excluded.max_weight, target_sets = excluded.target_sets, superset_group = excluded.superset_group, is_amrap = excluded.is_amrap, is_warmup = excluded.is_warmup, notes = excluded.notes;
insert into public.catalog_day_exercises (program_day_id, exercise_id, sort_order, max_weight, target_sets, superset_group, is_amrap, is_warmup, notes) values ('8be67429-d0d9-5747-9529-641e9106066c'::uuid, 'b2a30b56-284b-5c9a-a1f3-05608e92e114'::uuid, 3, '140 lbs', 3, null, null, null, null) on conflict (program_day_id, sort_order) do update set exercise_id = excluded.exercise_id, max_weight = excluded.max_weight, target_sets = excluded.target_sets, superset_group = excluded.superset_group, is_amrap = excluded.is_amrap, is_warmup = excluded.is_warmup, notes = excluded.notes;
insert into public.catalog_day_exercises (program_day_id, exercise_id, sort_order, max_weight, target_sets, superset_group, is_amrap, is_warmup, notes) values ('8be67429-d0d9-5747-9529-641e9106066c'::uuid, 'a3256bbd-c2ed-57d8-8eca-43401a45b875'::uuid, 4, '160 lbs', 3, null, null, null, null) on conflict (program_day_id, sort_order) do update set exercise_id = excluded.exercise_id, max_weight = excluded.max_weight, target_sets = excluded.target_sets, superset_group = excluded.superset_group, is_amrap = excluded.is_amrap, is_warmup = excluded.is_warmup, notes = excluded.notes;
insert into public.catalog_day_exercises (program_day_id, exercise_id, sort_order, max_weight, target_sets, superset_group, is_amrap, is_warmup, notes) values ('8be67429-d0d9-5747-9529-641e9106066c'::uuid, 'bb72b23d-7cca-578c-9c9e-f01d5928cf9a'::uuid, 5, '80 lbs', 3, null, null, null, null) on conflict (program_day_id, sort_order) do update set exercise_id = excluded.exercise_id, max_weight = excluded.max_weight, target_sets = excluded.target_sets, superset_group = excluded.superset_group, is_amrap = excluded.is_amrap, is_warmup = excluded.is_warmup, notes = excluded.notes;
insert into public.catalog_day_exercises (program_day_id, exercise_id, sort_order, max_weight, target_sets, superset_group, is_amrap, is_warmup, notes) values ('8be67429-d0d9-5747-9529-641e9106066c'::uuid, 'bdbaff9d-2a84-53ae-8c63-bae383b81857'::uuid, 6, '50 lbs', 3, null, null, null, null) on conflict (program_day_id, sort_order) do update set exercise_id = excluded.exercise_id, max_weight = excluded.max_weight, target_sets = excluded.target_sets, superset_group = excluded.superset_group, is_amrap = excluded.is_amrap, is_warmup = excluded.is_warmup, notes = excluded.notes;
insert into public.catalog_day_exercises (program_day_id, exercise_id, sort_order, max_weight, target_sets, superset_group, is_amrap, is_warmup, notes) values ('8be67429-d0d9-5747-9529-641e9106066c'::uuid, '31f422ef-ab53-51cd-8559-5e78bcf457a4'::uuid, 7, '27.5 lbs', 3, null, null, null, null) on conflict (program_day_id, sort_order) do update set exercise_id = excluded.exercise_id, max_weight = excluded.max_weight, target_sets = excluded.target_sets, superset_group = excluded.superset_group, is_amrap = excluded.is_amrap, is_warmup = excluded.is_warmup, notes = excluded.notes;
insert into public.catalog_program_days (id, program_id, day_index, label) values ('7c441ad7-d183-5392-8b76-ffee57d05084'::uuid, 'program-2', 1, 'Day 2 – Lower Body') on conflict (program_id, day_index) do update set label = excluded.label;
insert into public.catalog_day_exercises (program_day_id, exercise_id, sort_order, max_weight, target_sets, superset_group, is_amrap, is_warmup, notes) values ('7c441ad7-d183-5392-8b76-ffee57d05084'::uuid, '6f79f10b-2cb4-5ec7-b732-c92353d1377e'::uuid, 0, '230 lbs', 3, null, null, null, null) on conflict (program_day_id, sort_order) do update set exercise_id = excluded.exercise_id, max_weight = excluded.max_weight, target_sets = excluded.target_sets, superset_group = excluded.superset_group, is_amrap = excluded.is_amrap, is_warmup = excluded.is_warmup, notes = excluded.notes;
insert into public.catalog_day_exercises (program_day_id, exercise_id, sort_order, max_weight, target_sets, superset_group, is_amrap, is_warmup, notes) values ('7c441ad7-d183-5392-8b76-ffee57d05084'::uuid, 'ad181cff-1235-5ae3-a433-822e74ddeb0a'::uuid, 1, '45 lbs', 3, null, null, null, null) on conflict (program_day_id, sort_order) do update set exercise_id = excluded.exercise_id, max_weight = excluded.max_weight, target_sets = excluded.target_sets, superset_group = excluded.superset_group, is_amrap = excluded.is_amrap, is_warmup = excluded.is_warmup, notes = excluded.notes;
insert into public.catalog_day_exercises (program_day_id, exercise_id, sort_order, max_weight, target_sets, superset_group, is_amrap, is_warmup, notes) values ('7c441ad7-d183-5392-8b76-ffee57d05084'::uuid, 'a280a80a-651d-5108-add6-ace3fa9da870'::uuid, 2, '135 lbs', 3, null, null, null, null) on conflict (program_day_id, sort_order) do update set exercise_id = excluded.exercise_id, max_weight = excluded.max_weight, target_sets = excluded.target_sets, superset_group = excluded.superset_group, is_amrap = excluded.is_amrap, is_warmup = excluded.is_warmup, notes = excluded.notes;
insert into public.catalog_day_exercises (program_day_id, exercise_id, sort_order, max_weight, target_sets, superset_group, is_amrap, is_warmup, notes) values ('7c441ad7-d183-5392-8b76-ffee57d05084'::uuid, 'ae43d5b0-3299-5ecf-832c-23178ac4fb1c'::uuid, 3, '190 lbs', 3, null, null, null, null) on conflict (program_day_id, sort_order) do update set exercise_id = excluded.exercise_id, max_weight = excluded.max_weight, target_sets = excluded.target_sets, superset_group = excluded.superset_group, is_amrap = excluded.is_amrap, is_warmup = excluded.is_warmup, notes = excluded.notes;
insert into public.catalog_day_exercises (program_day_id, exercise_id, sort_order, max_weight, target_sets, superset_group, is_amrap, is_warmup, notes) values ('7c441ad7-d183-5392-8b76-ffee57d05084'::uuid, '043bec26-8331-5336-a38a-2bf9fe81e17f'::uuid, 4, '100 lbs', 3, null, null, null, null) on conflict (program_day_id, sort_order) do update set exercise_id = excluded.exercise_id, max_weight = excluded.max_weight, target_sets = excluded.target_sets, superset_group = excluded.superset_group, is_amrap = excluded.is_amrap, is_warmup = excluded.is_warmup, notes = excluded.notes;
insert into public.catalog_day_exercises (program_day_id, exercise_id, sort_order, max_weight, target_sets, superset_group, is_amrap, is_warmup, notes) values ('7c441ad7-d183-5392-8b76-ffee57d05084'::uuid, '96231b75-96ee-5a48-9289-99facdb2b42d'::uuid, 5, '115 lbs', 3, null, null, null, null) on conflict (program_day_id, sort_order) do update set exercise_id = excluded.exercise_id, max_weight = excluded.max_weight, target_sets = excluded.target_sets, superset_group = excluded.superset_group, is_amrap = excluded.is_amrap, is_warmup = excluded.is_warmup, notes = excluded.notes;
insert into public.catalog_day_exercises (program_day_id, exercise_id, sort_order, max_weight, target_sets, superset_group, is_amrap, is_warmup, notes) values ('7c441ad7-d183-5392-8b76-ffee57d05084'::uuid, '48ad79ae-b000-5bfe-a4d8-9e7141477958'::uuid, 6, '25 lbs', 3, null, null, null, null) on conflict (program_day_id, sort_order) do update set exercise_id = excluded.exercise_id, max_weight = excluded.max_weight, target_sets = excluded.target_sets, superset_group = excluded.superset_group, is_amrap = excluded.is_amrap, is_warmup = excluded.is_warmup, notes = excluded.notes;
insert into public.catalog_program_days (id, program_id, day_index, label) values ('832459a6-50d9-5140-8e9b-7300c445e3e2'::uuid, 'program-2', 2, 'Day 3 – Full Body') on conflict (program_id, day_index) do update set label = excluded.label;
insert into public.catalog_day_exercises (program_day_id, exercise_id, sort_order, max_weight, target_sets, superset_group, is_amrap, is_warmup, notes) values ('832459a6-50d9-5140-8e9b-7300c445e3e2'::uuid, '65adac96-47ed-5056-8e47-fb2a93bd0781'::uuid, 0, '30 lbs', 3, null, null, null, null) on conflict (program_day_id, sort_order) do update set exercise_id = excluded.exercise_id, max_weight = excluded.max_weight, target_sets = excluded.target_sets, superset_group = excluded.superset_group, is_amrap = excluded.is_amrap, is_warmup = excluded.is_warmup, notes = excluded.notes;
insert into public.catalog_day_exercises (program_day_id, exercise_id, sort_order, max_weight, target_sets, superset_group, is_amrap, is_warmup, notes) values ('832459a6-50d9-5140-8e9b-7300c445e3e2'::uuid, 'cff22030-6f41-5000-a127-d92082737d0c'::uuid, 1, '165 lbs', 3, null, null, null, null) on conflict (program_day_id, sort_order) do update set exercise_id = excluded.exercise_id, max_weight = excluded.max_weight, target_sets = excluded.target_sets, superset_group = excluded.superset_group, is_amrap = excluded.is_amrap, is_warmup = excluded.is_warmup, notes = excluded.notes;
insert into public.catalog_day_exercises (program_day_id, exercise_id, sort_order, max_weight, target_sets, superset_group, is_amrap, is_warmup, notes) values ('832459a6-50d9-5140-8e9b-7300c445e3e2'::uuid, 'ccd802dc-d01b-58ae-9db4-af50b64dbb8b'::uuid, 2, '85 lbs', 3, null, null, null, null) on conflict (program_day_id, sort_order) do update set exercise_id = excluded.exercise_id, max_weight = excluded.max_weight, target_sets = excluded.target_sets, superset_group = excluded.superset_group, is_amrap = excluded.is_amrap, is_warmup = excluded.is_warmup, notes = excluded.notes;
insert into public.catalog_day_exercises (program_day_id, exercise_id, sort_order, max_weight, target_sets, superset_group, is_amrap, is_warmup, notes) values ('832459a6-50d9-5140-8e9b-7300c445e3e2'::uuid, 'fe2b3a5e-670d-5461-886d-ad6997488626'::uuid, 3, '100 lbs', 3, null, null, null, null) on conflict (program_day_id, sort_order) do update set exercise_id = excluded.exercise_id, max_weight = excluded.max_weight, target_sets = excluded.target_sets, superset_group = excluded.superset_group, is_amrap = excluded.is_amrap, is_warmup = excluded.is_warmup, notes = excluded.notes;
insert into public.catalog_day_exercises (program_day_id, exercise_id, sort_order, max_weight, target_sets, superset_group, is_amrap, is_warmup, notes) values ('832459a6-50d9-5140-8e9b-7300c445e3e2'::uuid, 'fff4f0b8-d6f1-58a3-b226-3ccfe6fcc5db'::uuid, 4, '240 lbs', 3, null, null, null, null) on conflict (program_day_id, sort_order) do update set exercise_id = excluded.exercise_id, max_weight = excluded.max_weight, target_sets = excluded.target_sets, superset_group = excluded.superset_group, is_amrap = excluded.is_amrap, is_warmup = excluded.is_warmup, notes = excluded.notes;
insert into public.catalog_day_exercises (program_day_id, exercise_id, sort_order, max_weight, target_sets, superset_group, is_amrap, is_warmup, notes) values ('832459a6-50d9-5140-8e9b-7300c445e3e2'::uuid, 'ae43d5b0-3299-5ecf-832c-23178ac4fb1c'::uuid, 5, '145 lbs', 3, null, null, null, null) on conflict (program_day_id, sort_order) do update set exercise_id = excluded.exercise_id, max_weight = excluded.max_weight, target_sets = excluded.target_sets, superset_group = excluded.superset_group, is_amrap = excluded.is_amrap, is_warmup = excluded.is_warmup, notes = excluded.notes;
insert into public.catalog_day_exercises (program_day_id, exercise_id, sort_order, max_weight, target_sets, superset_group, is_amrap, is_warmup, notes) values ('832459a6-50d9-5140-8e9b-7300c445e3e2'::uuid, '043bec26-8331-5336-a38a-2bf9fe81e17f'::uuid, 6, '110 lbs', 3, null, null, null, null) on conflict (program_day_id, sort_order) do update set exercise_id = excluded.exercise_id, max_weight = excluded.max_weight, target_sets = excluded.target_sets, superset_group = excluded.superset_group, is_amrap = excluded.is_amrap, is_warmup = excluded.is_warmup, notes = excluded.notes;
insert into public.catalog_day_exercises (program_day_id, exercise_id, sort_order, max_weight, target_sets, superset_group, is_amrap, is_warmup, notes) values ('832459a6-50d9-5140-8e9b-7300c445e3e2'::uuid, '37e2688a-67c8-58a4-864d-959aa6e89308'::uuid, 7, '45 lbs', 3, null, null, null, null) on conflict (program_day_id, sort_order) do update set exercise_id = excluded.exercise_id, max_weight = excluded.max_weight, target_sets = excluded.target_sets, superset_group = excluded.superset_group, is_amrap = excluded.is_amrap, is_warmup = excluded.is_warmup, notes = excluded.notes;
insert into public.catalog_program_days (id, program_id, day_index, label) values ('4484bff1-cd74-5467-b866-4445ff2b2e1b'::uuid, 'program-2', 3, 'Day 4 – Upper Body + Arms') on conflict (program_id, day_index) do update set label = excluded.label;
insert into public.catalog_day_exercises (program_day_id, exercise_id, sort_order, max_weight, target_sets, superset_group, is_amrap, is_warmup, notes) values ('4484bff1-cd74-5467-b866-4445ff2b2e1b'::uuid, '2b966083-4f4c-5a1d-aa67-69f6e687d686'::uuid, 0, '55 lbs', 3, null, null, null, null) on conflict (program_day_id, sort_order) do update set exercise_id = excluded.exercise_id, max_weight = excluded.max_weight, target_sets = excluded.target_sets, superset_group = excluded.superset_group, is_amrap = excluded.is_amrap, is_warmup = excluded.is_warmup, notes = excluded.notes;
insert into public.catalog_day_exercises (program_day_id, exercise_id, sort_order, max_weight, target_sets, superset_group, is_amrap, is_warmup, notes) values ('4484bff1-cd74-5467-b866-4445ff2b2e1b'::uuid, '328a593d-b1e3-50cd-b014-f3d2e93c2b11'::uuid, 1, '40 lbs', 3, null, null, null, null) on conflict (program_day_id, sort_order) do update set exercise_id = excluded.exercise_id, max_weight = excluded.max_weight, target_sets = excluded.target_sets, superset_group = excluded.superset_group, is_amrap = excluded.is_amrap, is_warmup = excluded.is_warmup, notes = excluded.notes;
insert into public.catalog_day_exercises (program_day_id, exercise_id, sort_order, max_weight, target_sets, superset_group, is_amrap, is_warmup, notes) values ('4484bff1-cd74-5467-b866-4445ff2b2e1b'::uuid, 'a11d014a-feac-50e9-b66f-f6993170615a'::uuid, 2, '42.5 lbs', 3, null, null, null, null) on conflict (program_day_id, sort_order) do update set exercise_id = excluded.exercise_id, max_weight = excluded.max_weight, target_sets = excluded.target_sets, superset_group = excluded.superset_group, is_amrap = excluded.is_amrap, is_warmup = excluded.is_warmup, notes = excluded.notes;
insert into public.catalog_day_exercises (program_day_id, exercise_id, sort_order, max_weight, target_sets, superset_group, is_amrap, is_warmup, notes) values ('4484bff1-cd74-5467-b866-4445ff2b2e1b'::uuid, '7547bb58-9dbf-53a9-a3eb-f28377888563'::uuid, 3, '30 lbs', 3, null, null, null, null) on conflict (program_day_id, sort_order) do update set exercise_id = excluded.exercise_id, max_weight = excluded.max_weight, target_sets = excluded.target_sets, superset_group = excluded.superset_group, is_amrap = excluded.is_amrap, is_warmup = excluded.is_warmup, notes = excluded.notes;
insert into public.catalog_day_exercises (program_day_id, exercise_id, sort_order, max_weight, target_sets, superset_group, is_amrap, is_warmup, notes) values ('4484bff1-cd74-5467-b866-4445ff2b2e1b'::uuid, 'e0e4e699-94e8-5247-84d4-117cefd500ae'::uuid, 4, '17.5 lbs', 3, null, null, null, null) on conflict (program_day_id, sort_order) do update set exercise_id = excluded.exercise_id, max_weight = excluded.max_weight, target_sets = excluded.target_sets, superset_group = excluded.superset_group, is_amrap = excluded.is_amrap, is_warmup = excluded.is_warmup, notes = excluded.notes;
insert into public.catalog_day_exercises (program_day_id, exercise_id, sort_order, max_weight, target_sets, superset_group, is_amrap, is_warmup, notes) values ('4484bff1-cd74-5467-b866-4445ff2b2e1b'::uuid, 'e26aa031-07ec-5902-9df4-2612f3e60f1f'::uuid, 5, '35 lbs', 3, null, null, null, null) on conflict (program_day_id, sort_order) do update set exercise_id = excluded.exercise_id, max_weight = excluded.max_weight, target_sets = excluded.target_sets, superset_group = excluded.superset_group, is_amrap = excluded.is_amrap, is_warmup = excluded.is_warmup, notes = excluded.notes;
insert into public.catalog_day_exercises (program_day_id, exercise_id, sort_order, max_weight, target_sets, superset_group, is_amrap, is_warmup, notes) values ('4484bff1-cd74-5467-b866-4445ff2b2e1b'::uuid, '9f6fd5f3-ac4b-549c-a3b2-ab314d25f835'::uuid, 6, '42.5 lbs', 3, null, null, null, null) on conflict (program_day_id, sort_order) do update set exercise_id = excluded.exercise_id, max_weight = excluded.max_weight, target_sets = excluded.target_sets, superset_group = excluded.superset_group, is_amrap = excluded.is_amrap, is_warmup = excluded.is_warmup, notes = excluded.notes;
insert into public.catalog_program_days (id, program_id, day_index, label) values ('e193ca5f-416f-5e56-885d-2dd2f3fe52c5'::uuid, 'program-2', 4, 'Day 5 – Abs') on conflict (program_id, day_index) do update set label = excluded.label;
insert into public.catalog_day_exercises (program_day_id, exercise_id, sort_order, max_weight, target_sets, superset_group, is_amrap, is_warmup, notes) values ('e193ca5f-416f-5e56-885d-2dd2f3fe52c5'::uuid, '0451dfac-9346-57b3-8d7b-5aaa377cb574'::uuid, 0, 'Bodyweight', 3, null, null, null, null) on conflict (program_day_id, sort_order) do update set exercise_id = excluded.exercise_id, max_weight = excluded.max_weight, target_sets = excluded.target_sets, superset_group = excluded.superset_group, is_amrap = excluded.is_amrap, is_warmup = excluded.is_warmup, notes = excluded.notes;
insert into public.catalog_day_exercises (program_day_id, exercise_id, sort_order, max_weight, target_sets, superset_group, is_amrap, is_warmup, notes) values ('e193ca5f-416f-5e56-885d-2dd2f3fe52c5'::uuid, '1e10776f-6c63-58a1-8bfc-ef197e2f9201'::uuid, 1, 'Bodyweight', 3, null, null, null, null) on conflict (program_day_id, sort_order) do update set exercise_id = excluded.exercise_id, max_weight = excluded.max_weight, target_sets = excluded.target_sets, superset_group = excluded.superset_group, is_amrap = excluded.is_amrap, is_warmup = excluded.is_warmup, notes = excluded.notes;
insert into public.catalog_day_exercises (program_day_id, exercise_id, sort_order, max_weight, target_sets, superset_group, is_amrap, is_warmup, notes) values ('e193ca5f-416f-5e56-885d-2dd2f3fe52c5'::uuid, 'f703ba89-db43-5975-8bee-157b6fbccb70'::uuid, 2, '60s hold', 3, null, null, null, null) on conflict (program_day_id, sort_order) do update set exercise_id = excluded.exercise_id, max_weight = excluded.max_weight, target_sets = excluded.target_sets, superset_group = excluded.superset_group, is_amrap = excluded.is_amrap, is_warmup = excluded.is_warmup, notes = excluded.notes;
insert into public.catalog_programs (id, name, subtitle, period, date_range, color, is_user_created) values ('program-3', 'Program 3', '4-Day Split (Revised)', 'Oct 2023 – May 2024', 'October 2023 – May 2024', '#A855F7', false) on conflict (id) do update set name = excluded.name, subtitle = excluded.subtitle, period = excluded.period, date_range = excluded.date_range, color = excluded.color, is_user_created = excluded.is_user_created;
insert into public.catalog_program_days (id, program_id, day_index, label) values ('b1098cf4-7284-5b3b-a5d9-7d28deedf051'::uuid, 'program-3', 0, 'Day 1 – Upper Body') on conflict (program_id, day_index) do update set label = excluded.label;
insert into public.catalog_day_exercises (program_day_id, exercise_id, sort_order, max_weight, target_sets, superset_group, is_amrap, is_warmup, notes) values ('b1098cf4-7284-5b3b-a5d9-7d28deedf051'::uuid, 'c901db58-238c-5ba3-a03c-7bab0ca30773'::uuid, 0, '60 lbs', 3, null, null, null, null) on conflict (program_day_id, sort_order) do update set exercise_id = excluded.exercise_id, max_weight = excluded.max_weight, target_sets = excluded.target_sets, superset_group = excluded.superset_group, is_amrap = excluded.is_amrap, is_warmup = excluded.is_warmup, notes = excluded.notes;
insert into public.catalog_day_exercises (program_day_id, exercise_id, sort_order, max_weight, target_sets, superset_group, is_amrap, is_warmup, notes) values ('b1098cf4-7284-5b3b-a5d9-7d28deedf051'::uuid, '84eb9c20-7bf2-583a-b96f-f2f2a169afd5'::uuid, 1, '155 lbs', 3, null, null, null, null) on conflict (program_day_id, sort_order) do update set exercise_id = excluded.exercise_id, max_weight = excluded.max_weight, target_sets = excluded.target_sets, superset_group = excluded.superset_group, is_amrap = excluded.is_amrap, is_warmup = excluded.is_warmup, notes = excluded.notes;
insert into public.catalog_day_exercises (program_day_id, exercise_id, sort_order, max_weight, target_sets, superset_group, is_amrap, is_warmup, notes) values ('b1098cf4-7284-5b3b-a5d9-7d28deedf051'::uuid, '2eee423b-ecb8-508d-87e0-2ff9377bc13c'::uuid, 2, '180 lbs', 3, null, null, null, null) on conflict (program_day_id, sort_order) do update set exercise_id = excluded.exercise_id, max_weight = excluded.max_weight, target_sets = excluded.target_sets, superset_group = excluded.superset_group, is_amrap = excluded.is_amrap, is_warmup = excluded.is_warmup, notes = excluded.notes;
insert into public.catalog_day_exercises (program_day_id, exercise_id, sort_order, max_weight, target_sets, superset_group, is_amrap, is_warmup, notes) values ('b1098cf4-7284-5b3b-a5d9-7d28deedf051'::uuid, 'b2a30b56-284b-5c9a-a1f3-05608e92e114'::uuid, 3, '160 lbs', 3, null, null, null, null) on conflict (program_day_id, sort_order) do update set exercise_id = excluded.exercise_id, max_weight = excluded.max_weight, target_sets = excluded.target_sets, superset_group = excluded.superset_group, is_amrap = excluded.is_amrap, is_warmup = excluded.is_warmup, notes = excluded.notes;
insert into public.catalog_day_exercises (program_day_id, exercise_id, sort_order, max_weight, target_sets, superset_group, is_amrap, is_warmup, notes) values ('b1098cf4-7284-5b3b-a5d9-7d28deedf051'::uuid, 'a3256bbd-c2ed-57d8-8eca-43401a45b875'::uuid, 4, '190 lbs', 3, null, null, null, null) on conflict (program_day_id, sort_order) do update set exercise_id = excluded.exercise_id, max_weight = excluded.max_weight, target_sets = excluded.target_sets, superset_group = excluded.superset_group, is_amrap = excluded.is_amrap, is_warmup = excluded.is_warmup, notes = excluded.notes;
insert into public.catalog_day_exercises (program_day_id, exercise_id, sort_order, max_weight, target_sets, superset_group, is_amrap, is_warmup, notes) values ('b1098cf4-7284-5b3b-a5d9-7d28deedf051'::uuid, 'bb72b23d-7cca-578c-9c9e-f01d5928cf9a'::uuid, 5, '90 lbs', 3, null, null, null, null) on conflict (program_day_id, sort_order) do update set exercise_id = excluded.exercise_id, max_weight = excluded.max_weight, target_sets = excluded.target_sets, superset_group = excluded.superset_group, is_amrap = excluded.is_amrap, is_warmup = excluded.is_warmup, notes = excluded.notes;
insert into public.catalog_day_exercises (program_day_id, exercise_id, sort_order, max_weight, target_sets, superset_group, is_amrap, is_warmup, notes) values ('b1098cf4-7284-5b3b-a5d9-7d28deedf051'::uuid, 'bdbaff9d-2a84-53ae-8c63-bae383b81857'::uuid, 6, '125 lbs', 3, null, null, null, null) on conflict (program_day_id, sort_order) do update set exercise_id = excluded.exercise_id, max_weight = excluded.max_weight, target_sets = excluded.target_sets, superset_group = excluded.superset_group, is_amrap = excluded.is_amrap, is_warmup = excluded.is_warmup, notes = excluded.notes;
insert into public.catalog_day_exercises (program_day_id, exercise_id, sort_order, max_weight, target_sets, superset_group, is_amrap, is_warmup, notes) values ('b1098cf4-7284-5b3b-a5d9-7d28deedf051'::uuid, '65adac96-47ed-5056-8e47-fb2a93bd0781'::uuid, 7, '50 lbs', 3, null, null, null, null) on conflict (program_day_id, sort_order) do update set exercise_id = excluded.exercise_id, max_weight = excluded.max_weight, target_sets = excluded.target_sets, superset_group = excluded.superset_group, is_amrap = excluded.is_amrap, is_warmup = excluded.is_warmup, notes = excluded.notes;
insert into public.catalog_program_days (id, program_id, day_index, label) values ('cb0a0574-7edc-5c18-a05b-8c1084f11bd2'::uuid, 'program-3', 1, 'Day 2 – Lower Body') on conflict (program_id, day_index) do update set label = excluded.label;
insert into public.catalog_day_exercises (program_day_id, exercise_id, sort_order, max_weight, target_sets, superset_group, is_amrap, is_warmup, notes) values ('cb0a0574-7edc-5c18-a05b-8c1084f11bd2'::uuid, '043bec26-8331-5336-a38a-2bf9fe81e17f'::uuid, 0, '110 lbs', 3, null, null, null, null) on conflict (program_day_id, sort_order) do update set exercise_id = excluded.exercise_id, max_weight = excluded.max_weight, target_sets = excluded.target_sets, superset_group = excluded.superset_group, is_amrap = excluded.is_amrap, is_warmup = excluded.is_warmup, notes = excluded.notes;
insert into public.catalog_day_exercises (program_day_id, exercise_id, sort_order, max_weight, target_sets, superset_group, is_amrap, is_warmup, notes) values ('cb0a0574-7edc-5c18-a05b-8c1084f11bd2'::uuid, '6f79f10b-2cb4-5ec7-b732-c92353d1377e'::uuid, 1, '320 lbs', 3, null, null, null, null) on conflict (program_day_id, sort_order) do update set exercise_id = excluded.exercise_id, max_weight = excluded.max_weight, target_sets = excluded.target_sets, superset_group = excluded.superset_group, is_amrap = excluded.is_amrap, is_warmup = excluded.is_warmup, notes = excluded.notes;
insert into public.catalog_day_exercises (program_day_id, exercise_id, sort_order, max_weight, target_sets, superset_group, is_amrap, is_warmup, notes) values ('cb0a0574-7edc-5c18-a05b-8c1084f11bd2'::uuid, '7b16ec9f-61d3-552c-90c2-2414cf9df11f'::uuid, 2, '185 lbs', 3, null, null, null, null) on conflict (program_day_id, sort_order) do update set exercise_id = excluded.exercise_id, max_weight = excluded.max_weight, target_sets = excluded.target_sets, superset_group = excluded.superset_group, is_amrap = excluded.is_amrap, is_warmup = excluded.is_warmup, notes = excluded.notes;
insert into public.catalog_day_exercises (program_day_id, exercise_id, sort_order, max_weight, target_sets, superset_group, is_amrap, is_warmup, notes) values ('cb0a0574-7edc-5c18-a05b-8c1084f11bd2'::uuid, '0a0d0f2f-0560-5b32-9d4e-c50ad9717bde'::uuid, 3, '50 lbs', 3, null, null, null, null) on conflict (program_day_id, sort_order) do update set exercise_id = excluded.exercise_id, max_weight = excluded.max_weight, target_sets = excluded.target_sets, superset_group = excluded.superset_group, is_amrap = excluded.is_amrap, is_warmup = excluded.is_warmup, notes = excluded.notes;
insert into public.catalog_day_exercises (program_day_id, exercise_id, sort_order, max_weight, target_sets, superset_group, is_amrap, is_warmup, notes) values ('cb0a0574-7edc-5c18-a05b-8c1084f11bd2'::uuid, 'ae43d5b0-3299-5ecf-832c-23178ac4fb1c'::uuid, 4, '190 lbs', 3, null, null, null, null) on conflict (program_day_id, sort_order) do update set exercise_id = excluded.exercise_id, max_weight = excluded.max_weight, target_sets = excluded.target_sets, superset_group = excluded.superset_group, is_amrap = excluded.is_amrap, is_warmup = excluded.is_warmup, notes = excluded.notes;
insert into public.catalog_day_exercises (program_day_id, exercise_id, sort_order, max_weight, target_sets, superset_group, is_amrap, is_warmup, notes) values ('cb0a0574-7edc-5c18-a05b-8c1084f11bd2'::uuid, '96231b75-96ee-5a48-9289-99facdb2b42d'::uuid, 5, '200 lbs', 3, null, null, null, null) on conflict (program_day_id, sort_order) do update set exercise_id = excluded.exercise_id, max_weight = excluded.max_weight, target_sets = excluded.target_sets, superset_group = excluded.superset_group, is_amrap = excluded.is_amrap, is_warmup = excluded.is_warmup, notes = excluded.notes;
insert into public.catalog_day_exercises (program_day_id, exercise_id, sort_order, max_weight, target_sets, superset_group, is_amrap, is_warmup, notes) values ('cb0a0574-7edc-5c18-a05b-8c1084f11bd2'::uuid, 'a280a80a-651d-5108-add6-ace3fa9da870'::uuid, 6, '145 lbs', 3, null, null, null, null) on conflict (program_day_id, sort_order) do update set exercise_id = excluded.exercise_id, max_weight = excluded.max_weight, target_sets = excluded.target_sets, superset_group = excluded.superset_group, is_amrap = excluded.is_amrap, is_warmup = excluded.is_warmup, notes = excluded.notes;
insert into public.catalog_day_exercises (program_day_id, exercise_id, sort_order, max_weight, target_sets, superset_group, is_amrap, is_warmup, notes) values ('cb0a0574-7edc-5c18-a05b-8c1084f11bd2'::uuid, '48ad79ae-b000-5bfe-a4d8-9e7141477958'::uuid, 7, '35 lbs', 3, null, null, null, null) on conflict (program_day_id, sort_order) do update set exercise_id = excluded.exercise_id, max_weight = excluded.max_weight, target_sets = excluded.target_sets, superset_group = excluded.superset_group, is_amrap = excluded.is_amrap, is_warmup = excluded.is_warmup, notes = excluded.notes;
insert into public.catalog_program_days (id, program_id, day_index, label) values ('4fa1b370-1db7-5748-adc6-41cdefa4ed95'::uuid, 'program-3', 2, 'Day 3 – Full Body') on conflict (program_id, day_index) do update set label = excluded.label;
insert into public.catalog_day_exercises (program_day_id, exercise_id, sort_order, max_weight, target_sets, superset_group, is_amrap, is_warmup, notes) values ('4fa1b370-1db7-5748-adc6-41cdefa4ed95'::uuid, '65adac96-47ed-5056-8e47-fb2a93bd0781'::uuid, 0, '55 lbs', 3, null, null, null, null) on conflict (program_day_id, sort_order) do update set exercise_id = excluded.exercise_id, max_weight = excluded.max_weight, target_sets = excluded.target_sets, superset_group = excluded.superset_group, is_amrap = excluded.is_amrap, is_warmup = excluded.is_warmup, notes = excluded.notes;
insert into public.catalog_day_exercises (program_day_id, exercise_id, sort_order, max_weight, target_sets, superset_group, is_amrap, is_warmup, notes) values ('4fa1b370-1db7-5748-adc6-41cdefa4ed95'::uuid, 'cff22030-6f41-5000-a127-d92082737d0c'::uuid, 1, '150 lbs', 3, null, null, null, null) on conflict (program_day_id, sort_order) do update set exercise_id = excluded.exercise_id, max_weight = excluded.max_weight, target_sets = excluded.target_sets, superset_group = excluded.superset_group, is_amrap = excluded.is_amrap, is_warmup = excluded.is_warmup, notes = excluded.notes;
insert into public.catalog_day_exercises (program_day_id, exercise_id, sort_order, max_weight, target_sets, superset_group, is_amrap, is_warmup, notes) values ('4fa1b370-1db7-5748-adc6-41cdefa4ed95'::uuid, 'fe2b3a5e-670d-5461-886d-ad6997488626'::uuid, 2, '100 lbs', 3, null, null, null, null) on conflict (program_day_id, sort_order) do update set exercise_id = excluded.exercise_id, max_weight = excluded.max_weight, target_sets = excluded.target_sets, superset_group = excluded.superset_group, is_amrap = excluded.is_amrap, is_warmup = excluded.is_warmup, notes = excluded.notes;
insert into public.catalog_day_exercises (program_day_id, exercise_id, sort_order, max_weight, target_sets, superset_group, is_amrap, is_warmup, notes) values ('4fa1b370-1db7-5748-adc6-41cdefa4ed95'::uuid, 'fff4f0b8-d6f1-58a3-b226-3ccfe6fcc5db'::uuid, 3, '270 lbs', 3, null, null, null, null) on conflict (program_day_id, sort_order) do update set exercise_id = excluded.exercise_id, max_weight = excluded.max_weight, target_sets = excluded.target_sets, superset_group = excluded.superset_group, is_amrap = excluded.is_amrap, is_warmup = excluded.is_warmup, notes = excluded.notes;
insert into public.catalog_day_exercises (program_day_id, exercise_id, sort_order, max_weight, target_sets, superset_group, is_amrap, is_warmup, notes) values ('4fa1b370-1db7-5748-adc6-41cdefa4ed95'::uuid, 'ae43d5b0-3299-5ecf-832c-23178ac4fb1c'::uuid, 4, '150 lbs', 3, null, null, null, null) on conflict (program_day_id, sort_order) do update set exercise_id = excluded.exercise_id, max_weight = excluded.max_weight, target_sets = excluded.target_sets, superset_group = excluded.superset_group, is_amrap = excluded.is_amrap, is_warmup = excluded.is_warmup, notes = excluded.notes;
insert into public.catalog_day_exercises (program_day_id, exercise_id, sort_order, max_weight, target_sets, superset_group, is_amrap, is_warmup, notes) values ('4fa1b370-1db7-5748-adc6-41cdefa4ed95'::uuid, '37e2688a-67c8-58a4-864d-959aa6e89308'::uuid, 5, '50 lbs', 3, null, null, null, null) on conflict (program_day_id, sort_order) do update set exercise_id = excluded.exercise_id, max_weight = excluded.max_weight, target_sets = excluded.target_sets, superset_group = excluded.superset_group, is_amrap = excluded.is_amrap, is_warmup = excluded.is_warmup, notes = excluded.notes;
insert into public.catalog_program_days (id, program_id, day_index, label) values ('c6511509-f5ea-5a96-a9f0-985e29359a8d'::uuid, 'program-3', 3, 'Day 4 – Upper Body + Arms') on conflict (program_id, day_index) do update set label = excluded.label;
insert into public.catalog_day_exercises (program_day_id, exercise_id, sort_order, max_weight, target_sets, superset_group, is_amrap, is_warmup, notes) values ('c6511509-f5ea-5a96-a9f0-985e29359a8d'::uuid, '2b966083-4f4c-5a1d-aa67-69f6e687d686'::uuid, 0, '160 lbs', 3, null, null, null, null) on conflict (program_day_id, sort_order) do update set exercise_id = excluded.exercise_id, max_weight = excluded.max_weight, target_sets = excluded.target_sets, superset_group = excluded.superset_group, is_amrap = excluded.is_amrap, is_warmup = excluded.is_warmup, notes = excluded.notes;
insert into public.catalog_day_exercises (program_day_id, exercise_id, sort_order, max_weight, target_sets, superset_group, is_amrap, is_warmup, notes) values ('c6511509-f5ea-5a96-a9f0-985e29359a8d'::uuid, '328a593d-b1e3-50cd-b014-f3d2e93c2b11'::uuid, 1, '135 lbs', 3, null, null, null, null) on conflict (program_day_id, sort_order) do update set exercise_id = excluded.exercise_id, max_weight = excluded.max_weight, target_sets = excluded.target_sets, superset_group = excluded.superset_group, is_amrap = excluded.is_amrap, is_warmup = excluded.is_warmup, notes = excluded.notes;
insert into public.catalog_day_exercises (program_day_id, exercise_id, sort_order, max_weight, target_sets, superset_group, is_amrap, is_warmup, notes) values ('c6511509-f5ea-5a96-a9f0-985e29359a8d'::uuid, '9bd6410d-1e32-56d4-9f7f-7641c676a0a3'::uuid, 2, '135 lbs', 3, null, null, null, null) on conflict (program_day_id, sort_order) do update set exercise_id = excluded.exercise_id, max_weight = excluded.max_weight, target_sets = excluded.target_sets, superset_group = excluded.superset_group, is_amrap = excluded.is_amrap, is_warmup = excluded.is_warmup, notes = excluded.notes;
insert into public.catalog_day_exercises (program_day_id, exercise_id, sort_order, max_weight, target_sets, superset_group, is_amrap, is_warmup, notes) values ('c6511509-f5ea-5a96-a9f0-985e29359a8d'::uuid, 'a11d014a-feac-50e9-b66f-f6993170615a'::uuid, 3, '100 lbs', 3, null, null, null, null) on conflict (program_day_id, sort_order) do update set exercise_id = excluded.exercise_id, max_weight = excluded.max_weight, target_sets = excluded.target_sets, superset_group = excluded.superset_group, is_amrap = excluded.is_amrap, is_warmup = excluded.is_warmup, notes = excluded.notes;
insert into public.catalog_day_exercises (program_day_id, exercise_id, sort_order, max_weight, target_sets, superset_group, is_amrap, is_warmup, notes) values ('c6511509-f5ea-5a96-a9f0-985e29359a8d'::uuid, '7547bb58-9dbf-53a9-a3eb-f28377888563'::uuid, 4, '40 lbs', 3, null, null, null, null) on conflict (program_day_id, sort_order) do update set exercise_id = excluded.exercise_id, max_weight = excluded.max_weight, target_sets = excluded.target_sets, superset_group = excluded.superset_group, is_amrap = excluded.is_amrap, is_warmup = excluded.is_warmup, notes = excluded.notes;
insert into public.catalog_day_exercises (program_day_id, exercise_id, sort_order, max_weight, target_sets, superset_group, is_amrap, is_warmup, notes) values ('c6511509-f5ea-5a96-a9f0-985e29359a8d'::uuid, 'd3ff431d-8434-5c77-ae66-f305824c2a47'::uuid, 5, '27.5 lbs', 3, null, null, null, null) on conflict (program_day_id, sort_order) do update set exercise_id = excluded.exercise_id, max_weight = excluded.max_weight, target_sets = excluded.target_sets, superset_group = excluded.superset_group, is_amrap = excluded.is_amrap, is_warmup = excluded.is_warmup, notes = excluded.notes;
insert into public.catalog_day_exercises (program_day_id, exercise_id, sort_order, max_weight, target_sets, superset_group, is_amrap, is_warmup, notes) values ('c6511509-f5ea-5a96-a9f0-985e29359a8d'::uuid, 'e0e4e699-94e8-5247-84d4-117cefd500ae'::uuid, 6, '70 lbs', 3, null, null, null, null) on conflict (program_day_id, sort_order) do update set exercise_id = excluded.exercise_id, max_weight = excluded.max_weight, target_sets = excluded.target_sets, superset_group = excluded.superset_group, is_amrap = excluded.is_amrap, is_warmup = excluded.is_warmup, notes = excluded.notes;
insert into public.catalog_day_exercises (program_day_id, exercise_id, sort_order, max_weight, target_sets, superset_group, is_amrap, is_warmup, notes) values ('c6511509-f5ea-5a96-a9f0-985e29359a8d'::uuid, '9f6fd5f3-ac4b-549c-a3b2-ab314d25f835'::uuid, 7, '115 lbs', 3, null, null, null, null) on conflict (program_day_id, sort_order) do update set exercise_id = excluded.exercise_id, max_weight = excluded.max_weight, target_sets = excluded.target_sets, superset_group = excluded.superset_group, is_amrap = excluded.is_amrap, is_warmup = excluded.is_warmup, notes = excluded.notes;
insert into public.catalog_day_exercises (program_day_id, exercise_id, sort_order, max_weight, target_sets, superset_group, is_amrap, is_warmup, notes) values ('c6511509-f5ea-5a96-a9f0-985e29359a8d'::uuid, 'e26aa031-07ec-5902-9df4-2612f3e60f1f'::uuid, 8, '45 lbs', 3, null, null, null, null) on conflict (program_day_id, sort_order) do update set exercise_id = excluded.exercise_id, max_weight = excluded.max_weight, target_sets = excluded.target_sets, superset_group = excluded.superset_group, is_amrap = excluded.is_amrap, is_warmup = excluded.is_warmup, notes = excluded.notes;
insert into public.catalog_day_exercises (program_day_id, exercise_id, sort_order, max_weight, target_sets, superset_group, is_amrap, is_warmup, notes) values ('c6511509-f5ea-5a96-a9f0-985e29359a8d'::uuid, 'bdbaff9d-2a84-53ae-8c63-bae383b81857'::uuid, 9, '85 lbs', 3, null, null, null, null) on conflict (program_day_id, sort_order) do update set exercise_id = excluded.exercise_id, max_weight = excluded.max_weight, target_sets = excluded.target_sets, superset_group = excluded.superset_group, is_amrap = excluded.is_amrap, is_warmup = excluded.is_warmup, notes = excluded.notes;
insert into public.catalog_day_exercises (program_day_id, exercise_id, sort_order, max_weight, target_sets, superset_group, is_amrap, is_warmup, notes) values ('c6511509-f5ea-5a96-a9f0-985e29359a8d'::uuid, '60425b23-8f46-5d89-b523-98e9d73e209d'::uuid, 10, '10 lbs', 3, null, null, null, null) on conflict (program_day_id, sort_order) do update set exercise_id = excluded.exercise_id, max_weight = excluded.max_weight, target_sets = excluded.target_sets, superset_group = excluded.superset_group, is_amrap = excluded.is_amrap, is_warmup = excluded.is_warmup, notes = excluded.notes;
insert into public.catalog_day_exercises (program_day_id, exercise_id, sort_order, max_weight, target_sets, superset_group, is_amrap, is_warmup, notes) values ('c6511509-f5ea-5a96-a9f0-985e29359a8d'::uuid, 'fd44f12c-3811-5477-ae43-998359f560a8'::uuid, 11, '18 lbs', 3, null, null, null, null) on conflict (program_day_id, sort_order) do update set exercise_id = excluded.exercise_id, max_weight = excluded.max_weight, target_sets = excluded.target_sets, superset_group = excluded.superset_group, is_amrap = excluded.is_amrap, is_warmup = excluded.is_warmup, notes = excluded.notes;
insert into public.catalog_program_days (id, program_id, day_index, label) values ('cc6fbfc5-9197-5894-9603-55ef54fac759'::uuid, 'program-3', 4, 'Day 5 – Abs') on conflict (program_id, day_index) do update set label = excluded.label;
insert into public.catalog_day_exercises (program_day_id, exercise_id, sort_order, max_weight, target_sets, superset_group, is_amrap, is_warmup, notes) values ('cc6fbfc5-9197-5894-9603-55ef54fac759'::uuid, '0451dfac-9346-57b3-8d7b-5aaa377cb574'::uuid, 0, 'Bodyweight', 3, null, null, null, null) on conflict (program_day_id, sort_order) do update set exercise_id = excluded.exercise_id, max_weight = excluded.max_weight, target_sets = excluded.target_sets, superset_group = excluded.superset_group, is_amrap = excluded.is_amrap, is_warmup = excluded.is_warmup, notes = excluded.notes;
insert into public.catalog_day_exercises (program_day_id, exercise_id, sort_order, max_weight, target_sets, superset_group, is_amrap, is_warmup, notes) values ('cc6fbfc5-9197-5894-9603-55ef54fac759'::uuid, '1e10776f-6c63-58a1-8bfc-ef197e2f9201'::uuid, 1, 'Bodyweight', 3, null, null, null, null) on conflict (program_day_id, sort_order) do update set exercise_id = excluded.exercise_id, max_weight = excluded.max_weight, target_sets = excluded.target_sets, superset_group = excluded.superset_group, is_amrap = excluded.is_amrap, is_warmup = excluded.is_warmup, notes = excluded.notes;
insert into public.catalog_day_exercises (program_day_id, exercise_id, sort_order, max_weight, target_sets, superset_group, is_amrap, is_warmup, notes) values ('cc6fbfc5-9197-5894-9603-55ef54fac759'::uuid, 'f703ba89-db43-5975-8bee-157b6fbccb70'::uuid, 2, 'Bodyweight', 3, null, null, null, null) on conflict (program_day_id, sort_order) do update set exercise_id = excluded.exercise_id, max_weight = excluded.max_weight, target_sets = excluded.target_sets, superset_group = excluded.superset_group, is_amrap = excluded.is_amrap, is_warmup = excluded.is_warmup, notes = excluded.notes;
insert into public.catalog_programs (id, name, subtitle, period, date_range, color, is_user_created) values ('program-4', 'Program 4', 'Push / Pull / Upper+Arms / Lower', 'May – Aug 2024', 'May 2024 – August 2024', '#F59E0B', false) on conflict (id) do update set name = excluded.name, subtitle = excluded.subtitle, period = excluded.period, date_range = excluded.date_range, color = excluded.color, is_user_created = excluded.is_user_created;
insert into public.catalog_program_days (id, program_id, day_index, label) values ('d56a5d73-aeb1-524e-a27b-0291e064caec'::uuid, 'program-4', 0, 'Push Day') on conflict (program_id, day_index) do update set label = excluded.label;
insert into public.catalog_day_exercises (program_day_id, exercise_id, sort_order, max_weight, target_sets, superset_group, is_amrap, is_warmup, notes) values ('d56a5d73-aeb1-524e-a27b-0291e064caec'::uuid, '3d3923ba-baa3-522b-85c9-cbbd77e5ead3'::uuid, 0, '135 lbs', 3, null, null, null, null) on conflict (program_day_id, sort_order) do update set exercise_id = excluded.exercise_id, max_weight = excluded.max_weight, target_sets = excluded.target_sets, superset_group = excluded.superset_group, is_amrap = excluded.is_amrap, is_warmup = excluded.is_warmup, notes = excluded.notes;
insert into public.catalog_day_exercises (program_day_id, exercise_id, sort_order, max_weight, target_sets, superset_group, is_amrap, is_warmup, notes) values ('d56a5d73-aeb1-524e-a27b-0291e064caec'::uuid, 'df9ecd65-59df-5482-b667-518a369fb07b'::uuid, 1, '85 lbs', 3, null, null, null, null) on conflict (program_day_id, sort_order) do update set exercise_id = excluded.exercise_id, max_weight = excluded.max_weight, target_sets = excluded.target_sets, superset_group = excluded.superset_group, is_amrap = excluded.is_amrap, is_warmup = excluded.is_warmup, notes = excluded.notes;
insert into public.catalog_day_exercises (program_day_id, exercise_id, sort_order, max_weight, target_sets, superset_group, is_amrap, is_warmup, notes) values ('d56a5d73-aeb1-524e-a27b-0291e064caec'::uuid, 'a3256bbd-c2ed-57d8-8eca-43401a45b875'::uuid, 2, '170 lbs', 3, null, null, null, null) on conflict (program_day_id, sort_order) do update set exercise_id = excluded.exercise_id, max_weight = excluded.max_weight, target_sets = excluded.target_sets, superset_group = excluded.superset_group, is_amrap = excluded.is_amrap, is_warmup = excluded.is_warmup, notes = excluded.notes;
insert into public.catalog_day_exercises (program_day_id, exercise_id, sort_order, max_weight, target_sets, superset_group, is_amrap, is_warmup, notes) values ('d56a5d73-aeb1-524e-a27b-0291e064caec'::uuid, '9ec71266-7cf1-5953-83b9-0d79ddbdc86e'::uuid, 3, '118 lbs', 3, null, null, null, null) on conflict (program_day_id, sort_order) do update set exercise_id = excluded.exercise_id, max_weight = excluded.max_weight, target_sets = excluded.target_sets, superset_group = excluded.superset_group, is_amrap = excluded.is_amrap, is_warmup = excluded.is_warmup, notes = excluded.notes;
insert into public.catalog_day_exercises (program_day_id, exercise_id, sort_order, max_weight, target_sets, superset_group, is_amrap, is_warmup, notes) values ('d56a5d73-aeb1-524e-a27b-0291e064caec'::uuid, '60425b23-8f46-5d89-b523-98e9d73e209d'::uuid, 4, '45 lbs', 3, null, null, null, null) on conflict (program_day_id, sort_order) do update set exercise_id = excluded.exercise_id, max_weight = excluded.max_weight, target_sets = excluded.target_sets, superset_group = excluded.superset_group, is_amrap = excluded.is_amrap, is_warmup = excluded.is_warmup, notes = excluded.notes;
insert into public.catalog_day_exercises (program_day_id, exercise_id, sort_order, max_weight, target_sets, superset_group, is_amrap, is_warmup, notes) values ('d56a5d73-aeb1-524e-a27b-0291e064caec'::uuid, '5b509ce9-caf5-5ed5-87be-848b9e80414b'::uuid, 5, '70 lbs', 3, null, null, null, null) on conflict (program_day_id, sort_order) do update set exercise_id = excluded.exercise_id, max_weight = excluded.max_weight, target_sets = excluded.target_sets, superset_group = excluded.superset_group, is_amrap = excluded.is_amrap, is_warmup = excluded.is_warmup, notes = excluded.notes;
insert into public.catalog_day_exercises (program_day_id, exercise_id, sort_order, max_weight, target_sets, superset_group, is_amrap, is_warmup, notes) values ('d56a5d73-aeb1-524e-a27b-0291e064caec'::uuid, 'bdbaff9d-2a84-53ae-8c63-bae383b81857'::uuid, 6, '100 lbs', 3, null, null, null, null) on conflict (program_day_id, sort_order) do update set exercise_id = excluded.exercise_id, max_weight = excluded.max_weight, target_sets = excluded.target_sets, superset_group = excluded.superset_group, is_amrap = excluded.is_amrap, is_warmup = excluded.is_warmup, notes = excluded.notes;
insert into public.catalog_day_exercises (program_day_id, exercise_id, sort_order, max_weight, target_sets, superset_group, is_amrap, is_warmup, notes) values ('d56a5d73-aeb1-524e-a27b-0291e064caec'::uuid, '5fbb92ff-5bc8-59f0-95a4-a7166eb7ccda'::uuid, 7, 'Bodyweight', 3, null, null, null, null) on conflict (program_day_id, sort_order) do update set exercise_id = excluded.exercise_id, max_weight = excluded.max_weight, target_sets = excluded.target_sets, superset_group = excluded.superset_group, is_amrap = excluded.is_amrap, is_warmup = excluded.is_warmup, notes = excluded.notes;
insert into public.catalog_day_exercises (program_day_id, exercise_id, sort_order, max_weight, target_sets, superset_group, is_amrap, is_warmup, notes) values ('d56a5d73-aeb1-524e-a27b-0291e064caec'::uuid, 'c9dfa5b7-00d2-5266-8f95-bb20ed433de5'::uuid, 8, 'Bodyweight', 3, null, null, null, null) on conflict (program_day_id, sort_order) do update set exercise_id = excluded.exercise_id, max_weight = excluded.max_weight, target_sets = excluded.target_sets, superset_group = excluded.superset_group, is_amrap = excluded.is_amrap, is_warmup = excluded.is_warmup, notes = excluded.notes;
insert into public.catalog_day_exercises (program_day_id, exercise_id, sort_order, max_weight, target_sets, superset_group, is_amrap, is_warmup, notes) values ('d56a5d73-aeb1-524e-a27b-0291e064caec'::uuid, 'fd44f12c-3811-5477-ae43-998359f560a8'::uuid, 9, 'Bodyweight', 3, null, null, null, null) on conflict (program_day_id, sort_order) do update set exercise_id = excluded.exercise_id, max_weight = excluded.max_weight, target_sets = excluded.target_sets, superset_group = excluded.superset_group, is_amrap = excluded.is_amrap, is_warmup = excluded.is_warmup, notes = excluded.notes;
insert into public.catalog_program_days (id, program_id, day_index, label) values ('71a24c29-d181-5478-8e9b-c8dd1bbe84cb'::uuid, 'program-4', 1, 'Pull Day') on conflict (program_id, day_index) do update set label = excluded.label;
insert into public.catalog_day_exercises (program_day_id, exercise_id, sort_order, max_weight, target_sets, superset_group, is_amrap, is_warmup, notes) values ('71a24c29-d181-5478-8e9b-c8dd1bbe84cb'::uuid, 'c901db58-238c-5ba3-a03c-7bab0ca30773'::uuid, 0, '45 lbs', 3, null, null, null, null) on conflict (program_day_id, sort_order) do update set exercise_id = excluded.exercise_id, max_weight = excluded.max_weight, target_sets = excluded.target_sets, superset_group = excluded.superset_group, is_amrap = excluded.is_amrap, is_warmup = excluded.is_warmup, notes = excluded.notes;
insert into public.catalog_day_exercises (program_day_id, exercise_id, sort_order, max_weight, target_sets, superset_group, is_amrap, is_warmup, notes) values ('71a24c29-d181-5478-8e9b-c8dd1bbe84cb'::uuid, '154e7948-109a-5654-ae9a-d5ed8c61bb06'::uuid, 1, '160 lbs', 3, null, null, null, null) on conflict (program_day_id, sort_order) do update set exercise_id = excluded.exercise_id, max_weight = excluded.max_weight, target_sets = excluded.target_sets, superset_group = excluded.superset_group, is_amrap = excluded.is_amrap, is_warmup = excluded.is_warmup, notes = excluded.notes;
insert into public.catalog_day_exercises (program_day_id, exercise_id, sort_order, max_weight, target_sets, superset_group, is_amrap, is_warmup, notes) values ('71a24c29-d181-5478-8e9b-c8dd1bbe84cb'::uuid, 'f5483f14-8e19-5d39-b7f2-40373d489bb9'::uuid, 2, '135 lbs', 3, null, null, null, null) on conflict (program_day_id, sort_order) do update set exercise_id = excluded.exercise_id, max_weight = excluded.max_weight, target_sets = excluded.target_sets, superset_group = excluded.superset_group, is_amrap = excluded.is_amrap, is_warmup = excluded.is_warmup, notes = excluded.notes;
insert into public.catalog_day_exercises (program_day_id, exercise_id, sort_order, max_weight, target_sets, superset_group, is_amrap, is_warmup, notes) values ('71a24c29-d181-5478-8e9b-c8dd1bbe84cb'::uuid, 'cf6a356b-4179-55a0-9610-895ee0ca3500'::uuid, 3, '120 lbs', 3, null, null, null, null) on conflict (program_day_id, sort_order) do update set exercise_id = excluded.exercise_id, max_weight = excluded.max_weight, target_sets = excluded.target_sets, superset_group = excluded.superset_group, is_amrap = excluded.is_amrap, is_warmup = excluded.is_warmup, notes = excluded.notes;
insert into public.catalog_day_exercises (program_day_id, exercise_id, sort_order, max_weight, target_sets, superset_group, is_amrap, is_warmup, notes) values ('71a24c29-d181-5478-8e9b-c8dd1bbe84cb'::uuid, '32ffd21a-6852-5537-b12c-034c44a31ee5'::uuid, 4, '55 lbs', 3, null, null, null, null) on conflict (program_day_id, sort_order) do update set exercise_id = excluded.exercise_id, max_weight = excluded.max_weight, target_sets = excluded.target_sets, superset_group = excluded.superset_group, is_amrap = excluded.is_amrap, is_warmup = excluded.is_warmup, notes = excluded.notes;
insert into public.catalog_day_exercises (program_day_id, exercise_id, sort_order, max_weight, target_sets, superset_group, is_amrap, is_warmup, notes) values ('71a24c29-d181-5478-8e9b-c8dd1bbe84cb'::uuid, 'c3c71496-6dfd-50be-acb3-71bad040dc5b'::uuid, 5, '60 lbs', 3, null, null, null, null) on conflict (program_day_id, sort_order) do update set exercise_id = excluded.exercise_id, max_weight = excluded.max_weight, target_sets = excluded.target_sets, superset_group = excluded.superset_group, is_amrap = excluded.is_amrap, is_warmup = excluded.is_warmup, notes = excluded.notes;
insert into public.catalog_day_exercises (program_day_id, exercise_id, sort_order, max_weight, target_sets, superset_group, is_amrap, is_warmup, notes) values ('71a24c29-d181-5478-8e9b-c8dd1bbe84cb'::uuid, 'dedefc55-63c1-516d-ac67-27421917a335'::uuid, 6, '30 lbs', 3, null, null, null, null) on conflict (program_day_id, sort_order) do update set exercise_id = excluded.exercise_id, max_weight = excluded.max_weight, target_sets = excluded.target_sets, superset_group = excluded.superset_group, is_amrap = excluded.is_amrap, is_warmup = excluded.is_warmup, notes = excluded.notes;
insert into public.catalog_day_exercises (program_day_id, exercise_id, sort_order, max_weight, target_sets, superset_group, is_amrap, is_warmup, notes) values ('71a24c29-d181-5478-8e9b-c8dd1bbe84cb'::uuid, 'a2eedf7b-b9e3-5f6a-a9ba-6d66f05ce56e'::uuid, 7, 'Bodyweight', 3, null, null, null, null) on conflict (program_day_id, sort_order) do update set exercise_id = excluded.exercise_id, max_weight = excluded.max_weight, target_sets = excluded.target_sets, superset_group = excluded.superset_group, is_amrap = excluded.is_amrap, is_warmup = excluded.is_warmup, notes = excluded.notes;
insert into public.catalog_day_exercises (program_day_id, exercise_id, sort_order, max_weight, target_sets, superset_group, is_amrap, is_warmup, notes) values ('71a24c29-d181-5478-8e9b-c8dd1bbe84cb'::uuid, '6abe1aa2-0131-5c6c-ba04-a42bb574bc2c'::uuid, 8, 'Bodyweight', 3, null, null, null, null) on conflict (program_day_id, sort_order) do update set exercise_id = excluded.exercise_id, max_weight = excluded.max_weight, target_sets = excluded.target_sets, superset_group = excluded.superset_group, is_amrap = excluded.is_amrap, is_warmup = excluded.is_warmup, notes = excluded.notes;
insert into public.catalog_program_days (id, program_id, day_index, label) values ('3af8bada-c2dc-53c0-819d-62c648ab6623'::uuid, 'program-4', 2, 'Upper Body + Arms Day') on conflict (program_id, day_index) do update set label = excluded.label;
insert into public.catalog_day_exercises (program_day_id, exercise_id, sort_order, max_weight, target_sets, superset_group, is_amrap, is_warmup, notes) values ('3af8bada-c2dc-53c0-819d-62c648ab6623'::uuid, '9bd6410d-1e32-56d4-9f7f-7641c676a0a3'::uuid, 0, '135 lbs', 3, null, null, null, null) on conflict (program_day_id, sort_order) do update set exercise_id = excluded.exercise_id, max_weight = excluded.max_weight, target_sets = excluded.target_sets, superset_group = excluded.superset_group, is_amrap = excluded.is_amrap, is_warmup = excluded.is_warmup, notes = excluded.notes;
insert into public.catalog_day_exercises (program_day_id, exercise_id, sort_order, max_weight, target_sets, superset_group, is_amrap, is_warmup, notes) values ('3af8bada-c2dc-53c0-819d-62c648ab6623'::uuid, 'bdbaff9d-2a84-53ae-8c63-bae383b81857'::uuid, 1, '115 lbs', 3, null, null, null, null) on conflict (program_day_id, sort_order) do update set exercise_id = excluded.exercise_id, max_weight = excluded.max_weight, target_sets = excluded.target_sets, superset_group = excluded.superset_group, is_amrap = excluded.is_amrap, is_warmup = excluded.is_warmup, notes = excluded.notes;
insert into public.catalog_day_exercises (program_day_id, exercise_id, sort_order, max_weight, target_sets, superset_group, is_amrap, is_warmup, notes) values ('3af8bada-c2dc-53c0-819d-62c648ab6623'::uuid, '60425b23-8f46-5d89-b523-98e9d73e209d'::uuid, 2, '45 lbs', 3, null, null, null, null) on conflict (program_day_id, sort_order) do update set exercise_id = excluded.exercise_id, max_weight = excluded.max_weight, target_sets = excluded.target_sets, superset_group = excluded.superset_group, is_amrap = excluded.is_amrap, is_warmup = excluded.is_warmup, notes = excluded.notes;
insert into public.catalog_day_exercises (program_day_id, exercise_id, sort_order, max_weight, target_sets, superset_group, is_amrap, is_warmup, notes) values ('3af8bada-c2dc-53c0-819d-62c648ab6623'::uuid, 'd3ff431d-8434-5c77-ae66-f305824c2a47'::uuid, 3, '35 lbs', 3, null, null, null, null) on conflict (program_day_id, sort_order) do update set exercise_id = excluded.exercise_id, max_weight = excluded.max_weight, target_sets = excluded.target_sets, superset_group = excluded.superset_group, is_amrap = excluded.is_amrap, is_warmup = excluded.is_warmup, notes = excluded.notes;
insert into public.catalog_day_exercises (program_day_id, exercise_id, sort_order, max_weight, target_sets, superset_group, is_amrap, is_warmup, notes) values ('3af8bada-c2dc-53c0-819d-62c648ab6623'::uuid, 'fd44f12c-3811-5477-ae43-998359f560a8'::uuid, 4, '35 lbs', 3, null, null, null, null) on conflict (program_day_id, sort_order) do update set exercise_id = excluded.exercise_id, max_weight = excluded.max_weight, target_sets = excluded.target_sets, superset_group = excluded.superset_group, is_amrap = excluded.is_amrap, is_warmup = excluded.is_warmup, notes = excluded.notes;
insert into public.catalog_day_exercises (program_day_id, exercise_id, sort_order, max_weight, target_sets, superset_group, is_amrap, is_warmup, notes) values ('3af8bada-c2dc-53c0-819d-62c648ab6623'::uuid, 'fe2b3a5e-670d-5461-886d-ad6997488626'::uuid, 5, '20 lbs', 3, null, null, null, null) on conflict (program_day_id, sort_order) do update set exercise_id = excluded.exercise_id, max_weight = excluded.max_weight, target_sets = excluded.target_sets, superset_group = excluded.superset_group, is_amrap = excluded.is_amrap, is_warmup = excluded.is_warmup, notes = excluded.notes;
insert into public.catalog_program_days (id, program_id, day_index, label) values ('5877567e-67be-5ade-a570-248c52fd2289'::uuid, 'program-4', 3, 'Lower Body Day') on conflict (program_id, day_index) do update set label = excluded.label;
insert into public.catalog_day_exercises (program_day_id, exercise_id, sort_order, max_weight, target_sets, superset_group, is_amrap, is_warmup, notes) values ('5877567e-67be-5ade-a570-248c52fd2289'::uuid, '6f79f10b-2cb4-5ec7-b732-c92353d1377e'::uuid, 0, '230 lbs', 3, null, null, null, null) on conflict (program_day_id, sort_order) do update set exercise_id = excluded.exercise_id, max_weight = excluded.max_weight, target_sets = excluded.target_sets, superset_group = excluded.superset_group, is_amrap = excluded.is_amrap, is_warmup = excluded.is_warmup, notes = excluded.notes;
insert into public.catalog_day_exercises (program_day_id, exercise_id, sort_order, max_weight, target_sets, superset_group, is_amrap, is_warmup, notes) values ('5877567e-67be-5ade-a570-248c52fd2289'::uuid, 'a70169b0-9995-5f88-ba3a-84e5e11e3d9d'::uuid, 1, '55 lbs', 3, null, null, null, null) on conflict (program_day_id, sort_order) do update set exercise_id = excluded.exercise_id, max_weight = excluded.max_weight, target_sets = excluded.target_sets, superset_group = excluded.superset_group, is_amrap = excluded.is_amrap, is_warmup = excluded.is_warmup, notes = excluded.notes;
insert into public.catalog_day_exercises (program_day_id, exercise_id, sort_order, max_weight, target_sets, superset_group, is_amrap, is_warmup, notes) values ('5877567e-67be-5ade-a570-248c52fd2289'::uuid, 'ae43d5b0-3299-5ecf-832c-23178ac4fb1c'::uuid, 2, '145 lbs', 3, null, null, null, null) on conflict (program_day_id, sort_order) do update set exercise_id = excluded.exercise_id, max_weight = excluded.max_weight, target_sets = excluded.target_sets, superset_group = excluded.superset_group, is_amrap = excluded.is_amrap, is_warmup = excluded.is_warmup, notes = excluded.notes;
insert into public.catalog_day_exercises (program_day_id, exercise_id, sort_order, max_weight, target_sets, superset_group, is_amrap, is_warmup, notes) values ('5877567e-67be-5ade-a570-248c52fd2289'::uuid, '043bec26-8331-5336-a38a-2bf9fe81e17f'::uuid, 3, '95 lbs', 3, null, null, null, null) on conflict (program_day_id, sort_order) do update set exercise_id = excluded.exercise_id, max_weight = excluded.max_weight, target_sets = excluded.target_sets, superset_group = excluded.superset_group, is_amrap = excluded.is_amrap, is_warmup = excluded.is_warmup, notes = excluded.notes;
insert into public.catalog_day_exercises (program_day_id, exercise_id, sort_order, max_weight, target_sets, superset_group, is_amrap, is_warmup, notes) values ('5877567e-67be-5ade-a570-248c52fd2289'::uuid, '96231b75-96ee-5a48-9289-99facdb2b42d'::uuid, 4, '90 lbs', 3, null, null, null, null) on conflict (program_day_id, sort_order) do update set exercise_id = excluded.exercise_id, max_weight = excluded.max_weight, target_sets = excluded.target_sets, superset_group = excluded.superset_group, is_amrap = excluded.is_amrap, is_warmup = excluded.is_warmup, notes = excluded.notes;
insert into public.catalog_day_exercises (program_day_id, exercise_id, sort_order, max_weight, target_sets, superset_group, is_amrap, is_warmup, notes) values ('5877567e-67be-5ade-a570-248c52fd2289'::uuid, '14873132-e6ad-5f88-aa48-5052400efac7'::uuid, 5, '25 lbs', 3, null, null, null, null) on conflict (program_day_id, sort_order) do update set exercise_id = excluded.exercise_id, max_weight = excluded.max_weight, target_sets = excluded.target_sets, superset_group = excluded.superset_group, is_amrap = excluded.is_amrap, is_warmup = excluded.is_warmup, notes = excluded.notes;
insert into public.catalog_programs (id, name, subtitle, period, date_range, color, is_user_created) values ('program-5', 'Program 5', 'Hypertrophy Block', 'Sep 2024 – Jan 2025', 'September 2024 – January 2025', '#EF4444', false) on conflict (id) do update set name = excluded.name, subtitle = excluded.subtitle, period = excluded.period, date_range = excluded.date_range, color = excluded.color, is_user_created = excluded.is_user_created;
insert into public.catalog_program_days (id, program_id, day_index, label) values ('092da271-6a2f-56f1-a0d8-0e2be24159cc'::uuid, 'program-5', 0, 'Uppers Day 1') on conflict (program_id, day_index) do update set label = excluded.label;
insert into public.catalog_day_exercises (program_day_id, exercise_id, sort_order, max_weight, target_sets, superset_group, is_amrap, is_warmup, notes) values ('092da271-6a2f-56f1-a0d8-0e2be24159cc'::uuid, 'c2b6ca83-8fd9-5692-83b5-b5ed3ac49f91'::uuid, 0, '135 lbs', 3, null, null, null, null) on conflict (program_day_id, sort_order) do update set exercise_id = excluded.exercise_id, max_weight = excluded.max_weight, target_sets = excluded.target_sets, superset_group = excluded.superset_group, is_amrap = excluded.is_amrap, is_warmup = excluded.is_warmup, notes = excluded.notes;
insert into public.catalog_day_exercises (program_day_id, exercise_id, sort_order, max_weight, target_sets, superset_group, is_amrap, is_warmup, notes) values ('092da271-6a2f-56f1-a0d8-0e2be24159cc'::uuid, '35266b79-b63f-5bf1-ae06-d420597eef76'::uuid, 1, '155 lbs', 3, null, null, null, null) on conflict (program_day_id, sort_order) do update set exercise_id = excluded.exercise_id, max_weight = excluded.max_weight, target_sets = excluded.target_sets, superset_group = excluded.superset_group, is_amrap = excluded.is_amrap, is_warmup = excluded.is_warmup, notes = excluded.notes;
insert into public.catalog_day_exercises (program_day_id, exercise_id, sort_order, max_weight, target_sets, superset_group, is_amrap, is_warmup, notes) values ('092da271-6a2f-56f1-a0d8-0e2be24159cc'::uuid, '72178a42-6d1f-53a5-b96c-0386a74637ee'::uuid, 2, '65 lbs', 3, null, null, null, null) on conflict (program_day_id, sort_order) do update set exercise_id = excluded.exercise_id, max_weight = excluded.max_weight, target_sets = excluded.target_sets, superset_group = excluded.superset_group, is_amrap = excluded.is_amrap, is_warmup = excluded.is_warmup, notes = excluded.notes;
insert into public.catalog_day_exercises (program_day_id, exercise_id, sort_order, max_weight, target_sets, superset_group, is_amrap, is_warmup, notes) values ('092da271-6a2f-56f1-a0d8-0e2be24159cc'::uuid, 'a5676bb2-29c2-5cad-8238-d0163fdbda72'::uuid, 3, '155 lbs', 3, null, null, null, null) on conflict (program_day_id, sort_order) do update set exercise_id = excluded.exercise_id, max_weight = excluded.max_weight, target_sets = excluded.target_sets, superset_group = excluded.superset_group, is_amrap = excluded.is_amrap, is_warmup = excluded.is_warmup, notes = excluded.notes;
insert into public.catalog_day_exercises (program_day_id, exercise_id, sort_order, max_weight, target_sets, superset_group, is_amrap, is_warmup, notes) values ('092da271-6a2f-56f1-a0d8-0e2be24159cc'::uuid, 'e4c8a95e-45c1-5acf-a22b-53038f5297d0'::uuid, 4, '85 lbs', 3, null, null, null, null) on conflict (program_day_id, sort_order) do update set exercise_id = excluded.exercise_id, max_weight = excluded.max_weight, target_sets = excluded.target_sets, superset_group = excluded.superset_group, is_amrap = excluded.is_amrap, is_warmup = excluded.is_warmup, notes = excluded.notes;
insert into public.catalog_day_exercises (program_day_id, exercise_id, sort_order, max_weight, target_sets, superset_group, is_amrap, is_warmup, notes) values ('092da271-6a2f-56f1-a0d8-0e2be24159cc'::uuid, '2825f886-04be-56a0-a985-66602b36e301'::uuid, 5, '120 lbs', 3, null, null, null, null) on conflict (program_day_id, sort_order) do update set exercise_id = excluded.exercise_id, max_weight = excluded.max_weight, target_sets = excluded.target_sets, superset_group = excluded.superset_group, is_amrap = excluded.is_amrap, is_warmup = excluded.is_warmup, notes = excluded.notes;
insert into public.catalog_program_days (id, program_id, day_index, label) values ('f71c78fd-786c-576d-a64f-152025997334'::uuid, 'program-5', 1, 'Lower Body Day') on conflict (program_id, day_index) do update set label = excluded.label;
insert into public.catalog_day_exercises (program_day_id, exercise_id, sort_order, max_weight, target_sets, superset_group, is_amrap, is_warmup, notes) values ('f71c78fd-786c-576d-a64f-152025997334'::uuid, '6f79f10b-2cb4-5ec7-b732-c92353d1377e'::uuid, 0, '410 lbs', 3, null, null, null, null) on conflict (program_day_id, sort_order) do update set exercise_id = excluded.exercise_id, max_weight = excluded.max_weight, target_sets = excluded.target_sets, superset_group = excluded.superset_group, is_amrap = excluded.is_amrap, is_warmup = excluded.is_warmup, notes = excluded.notes;
insert into public.catalog_day_exercises (program_day_id, exercise_id, sort_order, max_weight, target_sets, superset_group, is_amrap, is_warmup, notes) values ('f71c78fd-786c-576d-a64f-152025997334'::uuid, '816b7418-6bd8-5598-b80b-a5eff17dd38d'::uuid, 1, '155 lbs', 3, null, null, null, null) on conflict (program_day_id, sort_order) do update set exercise_id = excluded.exercise_id, max_weight = excluded.max_weight, target_sets = excluded.target_sets, superset_group = excluded.superset_group, is_amrap = excluded.is_amrap, is_warmup = excluded.is_warmup, notes = excluded.notes;
insert into public.catalog_day_exercises (program_day_id, exercise_id, sort_order, max_weight, target_sets, superset_group, is_amrap, is_warmup, notes) values ('f71c78fd-786c-576d-a64f-152025997334'::uuid, '3742940c-7fba-5aab-b956-a88cf988d312'::uuid, 2, '45 lbs', 3, null, null, null, null) on conflict (program_day_id, sort_order) do update set exercise_id = excluded.exercise_id, max_weight = excluded.max_weight, target_sets = excluded.target_sets, superset_group = excluded.superset_group, is_amrap = excluded.is_amrap, is_warmup = excluded.is_warmup, notes = excluded.notes;
insert into public.catalog_day_exercises (program_day_id, exercise_id, sort_order, max_weight, target_sets, superset_group, is_amrap, is_warmup, notes) values ('f71c78fd-786c-576d-a64f-152025997334'::uuid, 'ae43d5b0-3299-5ecf-832c-23178ac4fb1c'::uuid, 3, '180 lbs', 3, null, null, null, null) on conflict (program_day_id, sort_order) do update set exercise_id = excluded.exercise_id, max_weight = excluded.max_weight, target_sets = excluded.target_sets, superset_group = excluded.superset_group, is_amrap = excluded.is_amrap, is_warmup = excluded.is_warmup, notes = excluded.notes;
insert into public.catalog_day_exercises (program_day_id, exercise_id, sort_order, max_weight, target_sets, superset_group, is_amrap, is_warmup, notes) values ('f71c78fd-786c-576d-a64f-152025997334'::uuid, '7bbb4981-9df0-5db3-8fab-ed3f7420d96c'::uuid, 4, '140 lbs', 3, null, null, null, null) on conflict (program_day_id, sort_order) do update set exercise_id = excluded.exercise_id, max_weight = excluded.max_weight, target_sets = excluded.target_sets, superset_group = excluded.superset_group, is_amrap = excluded.is_amrap, is_warmup = excluded.is_warmup, notes = excluded.notes;
insert into public.catalog_day_exercises (program_day_id, exercise_id, sort_order, max_weight, target_sets, superset_group, is_amrap, is_warmup, notes) values ('f71c78fd-786c-576d-a64f-152025997334'::uuid, '6bade738-c441-5f36-a2e5-61aa63a87560'::uuid, 5, '130 lbs', 3, null, null, null, null) on conflict (program_day_id, sort_order) do update set exercise_id = excluded.exercise_id, max_weight = excluded.max_weight, target_sets = excluded.target_sets, superset_group = excluded.superset_group, is_amrap = excluded.is_amrap, is_warmup = excluded.is_warmup, notes = excluded.notes;
insert into public.catalog_day_exercises (program_day_id, exercise_id, sort_order, max_weight, target_sets, superset_group, is_amrap, is_warmup, notes) values ('f71c78fd-786c-576d-a64f-152025997334'::uuid, 'a37eaff3-9bbf-58c5-9870-2235f883057d'::uuid, 6, '35 lbs', 3, null, null, null, null) on conflict (program_day_id, sort_order) do update set exercise_id = excluded.exercise_id, max_weight = excluded.max_weight, target_sets = excluded.target_sets, superset_group = excluded.superset_group, is_amrap = excluded.is_amrap, is_warmup = excluded.is_warmup, notes = excluded.notes;
insert into public.catalog_day_exercises (program_day_id, exercise_id, sort_order, max_weight, target_sets, superset_group, is_amrap, is_warmup, notes) values ('f71c78fd-786c-576d-a64f-152025997334'::uuid, '68456846-a194-53c7-b42c-bba4003374d7'::uuid, 7, 'Bodyweight', 3, null, null, null, null) on conflict (program_day_id, sort_order) do update set exercise_id = excluded.exercise_id, max_weight = excluded.max_weight, target_sets = excluded.target_sets, superset_group = excluded.superset_group, is_amrap = excluded.is_amrap, is_warmup = excluded.is_warmup, notes = excluded.notes;
insert into public.catalog_program_days (id, program_id, day_index, label) values ('fbabe5ae-6fec-5748-949b-5c8234781995'::uuid, 'program-5', 2, 'Uppers Day 2') on conflict (program_id, day_index) do update set label = excluded.label;
insert into public.catalog_day_exercises (program_day_id, exercise_id, sort_order, max_weight, target_sets, superset_group, is_amrap, is_warmup, notes) values ('fbabe5ae-6fec-5748-949b-5c8234781995'::uuid, 'cff22030-6f41-5000-a127-d92082737d0c'::uuid, 0, '105 lbs', 3, null, null, null, null) on conflict (program_day_id, sort_order) do update set exercise_id = excluded.exercise_id, max_weight = excluded.max_weight, target_sets = excluded.target_sets, superset_group = excluded.superset_group, is_amrap = excluded.is_amrap, is_warmup = excluded.is_warmup, notes = excluded.notes;
insert into public.catalog_day_exercises (program_day_id, exercise_id, sort_order, max_weight, target_sets, superset_group, is_amrap, is_warmup, notes) values ('fbabe5ae-6fec-5748-949b-5c8234781995'::uuid, '2eee423b-ecb8-508d-87e0-2ff9377bc13c'::uuid, 1, '65 lbs', 3, null, null, null, null) on conflict (program_day_id, sort_order) do update set exercise_id = excluded.exercise_id, max_weight = excluded.max_weight, target_sets = excluded.target_sets, superset_group = excluded.superset_group, is_amrap = excluded.is_amrap, is_warmup = excluded.is_warmup, notes = excluded.notes;
insert into public.catalog_day_exercises (program_day_id, exercise_id, sort_order, max_weight, target_sets, superset_group, is_amrap, is_warmup, notes) values ('fbabe5ae-6fec-5748-949b-5c8234781995'::uuid, 'f5706cc1-e4d1-5462-b0e1-de0a9a56b68b'::uuid, 2, '75 lbs', 3, null, null, null, null) on conflict (program_day_id, sort_order) do update set exercise_id = excluded.exercise_id, max_weight = excluded.max_weight, target_sets = excluded.target_sets, superset_group = excluded.superset_group, is_amrap = excluded.is_amrap, is_warmup = excluded.is_warmup, notes = excluded.notes;
insert into public.catalog_day_exercises (program_day_id, exercise_id, sort_order, max_weight, target_sets, superset_group, is_amrap, is_warmup, notes) values ('fbabe5ae-6fec-5748-949b-5c8234781995'::uuid, '2b46a855-fcbe-5239-b9ea-81720f24027d'::uuid, 3, '90 lbs', 3, null, null, null, null) on conflict (program_day_id, sort_order) do update set exercise_id = excluded.exercise_id, max_weight = excluded.max_weight, target_sets = excluded.target_sets, superset_group = excluded.superset_group, is_amrap = excluded.is_amrap, is_warmup = excluded.is_warmup, notes = excluded.notes;
insert into public.catalog_day_exercises (program_day_id, exercise_id, sort_order, max_weight, target_sets, superset_group, is_amrap, is_warmup, notes) values ('fbabe5ae-6fec-5748-949b-5c8234781995'::uuid, '9ec71266-7cf1-5953-83b9-0d79ddbdc86e'::uuid, 4, '118 lbs', 3, null, null, null, null) on conflict (program_day_id, sort_order) do update set exercise_id = excluded.exercise_id, max_weight = excluded.max_weight, target_sets = excluded.target_sets, superset_group = excluded.superset_group, is_amrap = excluded.is_amrap, is_warmup = excluded.is_warmup, notes = excluded.notes;
insert into public.catalog_program_days (id, program_id, day_index, label) values ('df69d888-09e4-564c-b43a-e85b86282c12'::uuid, 'program-5', 3, 'Full Body Day') on conflict (program_id, day_index) do update set label = excluded.label;
insert into public.catalog_day_exercises (program_day_id, exercise_id, sort_order, max_weight, target_sets, superset_group, is_amrap, is_warmup, notes) values ('df69d888-09e4-564c-b43a-e85b86282c12'::uuid, '6f79f10b-2cb4-5ec7-b732-c92353d1377e'::uuid, 0, '360 lbs', 3, null, null, null, null) on conflict (program_day_id, sort_order) do update set exercise_id = excluded.exercise_id, max_weight = excluded.max_weight, target_sets = excluded.target_sets, superset_group = excluded.superset_group, is_amrap = excluded.is_amrap, is_warmup = excluded.is_warmup, notes = excluded.notes;
insert into public.catalog_day_exercises (program_day_id, exercise_id, sort_order, max_weight, target_sets, superset_group, is_amrap, is_warmup, notes) values ('df69d888-09e4-564c-b43a-e85b86282c12'::uuid, '2b966083-4f4c-5a1d-aa67-69f6e687d686'::uuid, 1, '180 lbs', 3, null, null, null, null) on conflict (program_day_id, sort_order) do update set exercise_id = excluded.exercise_id, max_weight = excluded.max_weight, target_sets = excluded.target_sets, superset_group = excluded.superset_group, is_amrap = excluded.is_amrap, is_warmup = excluded.is_warmup, notes = excluded.notes;
insert into public.catalog_day_exercises (program_day_id, exercise_id, sort_order, max_weight, target_sets, superset_group, is_amrap, is_warmup, notes) values ('df69d888-09e4-564c-b43a-e85b86282c12'::uuid, 'cff22030-6f41-5000-a127-d92082737d0c'::uuid, 2, '120 lbs', 3, null, null, null, null) on conflict (program_day_id, sort_order) do update set exercise_id = excluded.exercise_id, max_weight = excluded.max_weight, target_sets = excluded.target_sets, superset_group = excluded.superset_group, is_amrap = excluded.is_amrap, is_warmup = excluded.is_warmup, notes = excluded.notes;
insert into public.catalog_day_exercises (program_day_id, exercise_id, sort_order, max_weight, target_sets, superset_group, is_amrap, is_warmup, notes) values ('df69d888-09e4-564c-b43a-e85b86282c12'::uuid, '218485e3-d60f-5a52-a5f0-8d29df177a42'::uuid, 3, '40 lbs', 3, null, null, null, null) on conflict (program_day_id, sort_order) do update set exercise_id = excluded.exercise_id, max_weight = excluded.max_weight, target_sets = excluded.target_sets, superset_group = excluded.superset_group, is_amrap = excluded.is_amrap, is_warmup = excluded.is_warmup, notes = excluded.notes;
insert into public.catalog_day_exercises (program_day_id, exercise_id, sort_order, max_weight, target_sets, superset_group, is_amrap, is_warmup, notes) values ('df69d888-09e4-564c-b43a-e85b86282c12'::uuid, 'a70169b0-9995-5f88-ba3a-84e5e11e3d9d'::uuid, 4, '55 lbs', 3, null, null, null, null) on conflict (program_day_id, sort_order) do update set exercise_id = excluded.exercise_id, max_weight = excluded.max_weight, target_sets = excluded.target_sets, superset_group = excluded.superset_group, is_amrap = excluded.is_amrap, is_warmup = excluded.is_warmup, notes = excluded.notes;
insert into public.catalog_day_exercises (program_day_id, exercise_id, sort_order, max_weight, target_sets, superset_group, is_amrap, is_warmup, notes) values ('df69d888-09e4-564c-b43a-e85b86282c12'::uuid, '043bec26-8331-5336-a38a-2bf9fe81e17f'::uuid, 5, '88 lbs', 3, null, null, null, null) on conflict (program_day_id, sort_order) do update set exercise_id = excluded.exercise_id, max_weight = excluded.max_weight, target_sets = excluded.target_sets, superset_group = excluded.superset_group, is_amrap = excluded.is_amrap, is_warmup = excluded.is_warmup, notes = excluded.notes;
insert into public.catalog_day_exercises (program_day_id, exercise_id, sort_order, max_weight, target_sets, superset_group, is_amrap, is_warmup, notes) values ('df69d888-09e4-564c-b43a-e85b86282c12'::uuid, 'ae43d5b0-3299-5ecf-832c-23178ac4fb1c'::uuid, 6, '140 lbs', 3, null, null, null, null) on conflict (program_day_id, sort_order) do update set exercise_id = excluded.exercise_id, max_weight = excluded.max_weight, target_sets = excluded.target_sets, superset_group = excluded.superset_group, is_amrap = excluded.is_amrap, is_warmup = excluded.is_warmup, notes = excluded.notes;
insert into public.catalog_day_exercises (program_day_id, exercise_id, sort_order, max_weight, target_sets, superset_group, is_amrap, is_warmup, notes) values ('df69d888-09e4-564c-b43a-e85b86282c12'::uuid, '96231b75-96ee-5a48-9289-99facdb2b42d'::uuid, 7, '140 lbs', 3, null, null, null, null) on conflict (program_day_id, sort_order) do update set exercise_id = excluded.exercise_id, max_weight = excluded.max_weight, target_sets = excluded.target_sets, superset_group = excluded.superset_group, is_amrap = excluded.is_amrap, is_warmup = excluded.is_warmup, notes = excluded.notes;
insert into public.catalog_day_exercises (program_day_id, exercise_id, sort_order, max_weight, target_sets, superset_group, is_amrap, is_warmup, notes) values ('df69d888-09e4-564c-b43a-e85b86282c12'::uuid, 'fd44f12c-3811-5477-ae43-998359f560a8'::uuid, 8, '30 lbs', 3, null, null, null, null) on conflict (program_day_id, sort_order) do update set exercise_id = excluded.exercise_id, max_weight = excluded.max_weight, target_sets = excluded.target_sets, superset_group = excluded.superset_group, is_amrap = excluded.is_amrap, is_warmup = excluded.is_warmup, notes = excluded.notes;
insert into public.catalog_day_exercises (program_day_id, exercise_id, sort_order, max_weight, target_sets, superset_group, is_amrap, is_warmup, notes) values ('df69d888-09e4-564c-b43a-e85b86282c12'::uuid, '6fcc3df6-1c49-52bf-a6f4-8097bc46047b'::uuid, 9, '13 lbs', 3, null, null, null, null) on conflict (program_day_id, sort_order) do update set exercise_id = excluded.exercise_id, max_weight = excluded.max_weight, target_sets = excluded.target_sets, superset_group = excluded.superset_group, is_amrap = excluded.is_amrap, is_warmup = excluded.is_warmup, notes = excluded.notes;
insert into public.catalog_programs (id, name, subtitle, period, date_range, color, is_user_created) values ('program-6', 'Program 6', 'Push/Pull/Legs (Self-Created)', 'Feb 2025 – Mar 2026', 'February 2025 – March 2026', '#F59E0B', true) on conflict (id) do update set name = excluded.name, subtitle = excluded.subtitle, period = excluded.period, date_range = excluded.date_range, color = excluded.color, is_user_created = excluded.is_user_created;
insert into public.catalog_program_days (id, program_id, day_index, label) values ('bddc99f1-8ec8-5902-9c13-069a72c921ee'::uuid, 'program-6', 0, 'Day 1 – Push') on conflict (program_id, day_index) do update set label = excluded.label;
insert into public.catalog_day_exercises (program_day_id, exercise_id, sort_order, max_weight, target_sets, superset_group, is_amrap, is_warmup, notes) values ('bddc99f1-8ec8-5902-9c13-069a72c921ee'::uuid, '3606fe51-8f68-5227-8d83-74f852ebc8e3'::uuid, 0, '155 lbs', 3, null, null, null, null) on conflict (program_day_id, sort_order) do update set exercise_id = excluded.exercise_id, max_weight = excluded.max_weight, target_sets = excluded.target_sets, superset_group = excluded.superset_group, is_amrap = excluded.is_amrap, is_warmup = excluded.is_warmup, notes = excluded.notes;
insert into public.catalog_day_exercises (program_day_id, exercise_id, sort_order, max_weight, target_sets, superset_group, is_amrap, is_warmup, notes) values ('bddc99f1-8ec8-5902-9c13-069a72c921ee'::uuid, 'ad6a418c-0947-50d4-ae47-ce6b3e9bae0c'::uuid, 1, '155 lbs', 3, null, null, null, null) on conflict (program_day_id, sort_order) do update set exercise_id = excluded.exercise_id, max_weight = excluded.max_weight, target_sets = excluded.target_sets, superset_group = excluded.superset_group, is_amrap = excluded.is_amrap, is_warmup = excluded.is_warmup, notes = excluded.notes;
insert into public.catalog_day_exercises (program_day_id, exercise_id, sort_order, max_weight, target_sets, superset_group, is_amrap, is_warmup, notes) values ('bddc99f1-8ec8-5902-9c13-069a72c921ee'::uuid, 'a19d1e35-de59-54cb-842b-16f93065c052'::uuid, 2, '60 lbs', 3, null, null, null, null) on conflict (program_day_id, sort_order) do update set exercise_id = excluded.exercise_id, max_weight = excluded.max_weight, target_sets = excluded.target_sets, superset_group = excluded.superset_group, is_amrap = excluded.is_amrap, is_warmup = excluded.is_warmup, notes = excluded.notes;
insert into public.catalog_day_exercises (program_day_id, exercise_id, sort_order, max_weight, target_sets, superset_group, is_amrap, is_warmup, notes) values ('bddc99f1-8ec8-5902-9c13-069a72c921ee'::uuid, 'f3aff0a4-885c-5f57-a5a4-f3d4b7be3686'::uuid, 3, '80 lbs', 3, null, null, null, null) on conflict (program_day_id, sort_order) do update set exercise_id = excluded.exercise_id, max_weight = excluded.max_weight, target_sets = excluded.target_sets, superset_group = excluded.superset_group, is_amrap = excluded.is_amrap, is_warmup = excluded.is_warmup, notes = excluded.notes;
insert into public.catalog_day_exercises (program_day_id, exercise_id, sort_order, max_weight, target_sets, superset_group, is_amrap, is_warmup, notes) values ('bddc99f1-8ec8-5902-9c13-069a72c921ee'::uuid, '6682a0ea-363a-51ce-8800-a38312024a82'::uuid, 4, '40 lbs', 3, null, null, null, null) on conflict (program_day_id, sort_order) do update set exercise_id = excluded.exercise_id, max_weight = excluded.max_weight, target_sets = excluded.target_sets, superset_group = excluded.superset_group, is_amrap = excluded.is_amrap, is_warmup = excluded.is_warmup, notes = excluded.notes;
insert into public.catalog_day_exercises (program_day_id, exercise_id, sort_order, max_weight, target_sets, superset_group, is_amrap, is_warmup, notes) values ('bddc99f1-8ec8-5902-9c13-069a72c921ee'::uuid, 'fbeb728d-5d90-562c-8f7d-a033c2da5c3c'::uuid, 5, '50 lbs', 3, null, null, null, null) on conflict (program_day_id, sort_order) do update set exercise_id = excluded.exercise_id, max_weight = excluded.max_weight, target_sets = excluded.target_sets, superset_group = excluded.superset_group, is_amrap = excluded.is_amrap, is_warmup = excluded.is_warmup, notes = excluded.notes;
insert into public.catalog_day_exercises (program_day_id, exercise_id, sort_order, max_weight, target_sets, superset_group, is_amrap, is_warmup, notes) values ('bddc99f1-8ec8-5902-9c13-069a72c921ee'::uuid, 'edfcca99-07fe-57a0-b147-7dd039334e9b'::uuid, 6, '150 lbs', 3, null, null, null, null) on conflict (program_day_id, sort_order) do update set exercise_id = excluded.exercise_id, max_weight = excluded.max_weight, target_sets = excluded.target_sets, superset_group = excluded.superset_group, is_amrap = excluded.is_amrap, is_warmup = excluded.is_warmup, notes = excluded.notes;
insert into public.catalog_day_exercises (program_day_id, exercise_id, sort_order, max_weight, target_sets, superset_group, is_amrap, is_warmup, notes) values ('bddc99f1-8ec8-5902-9c13-069a72c921ee'::uuid, '5781fd8b-1073-5f36-bc63-695a3628a130'::uuid, 7, '70 lbs', 3, null, null, null, null) on conflict (program_day_id, sort_order) do update set exercise_id = excluded.exercise_id, max_weight = excluded.max_weight, target_sets = excluded.target_sets, superset_group = excluded.superset_group, is_amrap = excluded.is_amrap, is_warmup = excluded.is_warmup, notes = excluded.notes;
insert into public.catalog_day_exercises (program_day_id, exercise_id, sort_order, max_weight, target_sets, superset_group, is_amrap, is_warmup, notes) values ('bddc99f1-8ec8-5902-9c13-069a72c921ee'::uuid, 'dfef2de1-7488-5c15-b653-6729b8bd3b87'::uuid, 8, '35 lbs', 3, null, null, null, null) on conflict (program_day_id, sort_order) do update set exercise_id = excluded.exercise_id, max_weight = excluded.max_weight, target_sets = excluded.target_sets, superset_group = excluded.superset_group, is_amrap = excluded.is_amrap, is_warmup = excluded.is_warmup, notes = excluded.notes;
insert into public.catalog_day_exercises (program_day_id, exercise_id, sort_order, max_weight, target_sets, superset_group, is_amrap, is_warmup, notes) values ('bddc99f1-8ec8-5902-9c13-069a72c921ee'::uuid, 'b9a4a4ad-4f96-50d3-b75e-59ada3c0d233'::uuid, 9, '45 lbs', 3, null, null, null, null) on conflict (program_day_id, sort_order) do update set exercise_id = excluded.exercise_id, max_weight = excluded.max_weight, target_sets = excluded.target_sets, superset_group = excluded.superset_group, is_amrap = excluded.is_amrap, is_warmup = excluded.is_warmup, notes = excluded.notes;
insert into public.catalog_day_exercises (program_day_id, exercise_id, sort_order, max_weight, target_sets, superset_group, is_amrap, is_warmup, notes) values ('bddc99f1-8ec8-5902-9c13-069a72c921ee'::uuid, '7438e122-36f5-5374-8dd6-66cc97b3778b'::uuid, 10, '80 lbs', 3, null, null, null, null) on conflict (program_day_id, sort_order) do update set exercise_id = excluded.exercise_id, max_weight = excluded.max_weight, target_sets = excluded.target_sets, superset_group = excluded.superset_group, is_amrap = excluded.is_amrap, is_warmup = excluded.is_warmup, notes = excluded.notes;
insert into public.catalog_day_exercises (program_day_id, exercise_id, sort_order, max_weight, target_sets, superset_group, is_amrap, is_warmup, notes) values ('bddc99f1-8ec8-5902-9c13-069a72c921ee'::uuid, 'd8f42e90-ced5-560a-bb20-28034ede9f28'::uuid, 11, '130 lbs', 3, null, null, null, null) on conflict (program_day_id, sort_order) do update set exercise_id = excluded.exercise_id, max_weight = excluded.max_weight, target_sets = excluded.target_sets, superset_group = excluded.superset_group, is_amrap = excluded.is_amrap, is_warmup = excluded.is_warmup, notes = excluded.notes;
insert into public.catalog_day_exercises (program_day_id, exercise_id, sort_order, max_weight, target_sets, superset_group, is_amrap, is_warmup, notes) values ('bddc99f1-8ec8-5902-9c13-069a72c921ee'::uuid, 'c9e697ba-d628-54c9-9211-0f17f3eb0754'::uuid, 12, '100 lbs', 3, null, null, null, null) on conflict (program_day_id, sort_order) do update set exercise_id = excluded.exercise_id, max_weight = excluded.max_weight, target_sets = excluded.target_sets, superset_group = excluded.superset_group, is_amrap = excluded.is_amrap, is_warmup = excluded.is_warmup, notes = excluded.notes;
insert into public.catalog_day_exercises (program_day_id, exercise_id, sort_order, max_weight, target_sets, superset_group, is_amrap, is_warmup, notes) values ('bddc99f1-8ec8-5902-9c13-069a72c921ee'::uuid, '49933695-d270-5bc9-8f9c-8e0cc9887c48'::uuid, 13, '90 lbs', 3, null, null, null, null) on conflict (program_day_id, sort_order) do update set exercise_id = excluded.exercise_id, max_weight = excluded.max_weight, target_sets = excluded.target_sets, superset_group = excluded.superset_group, is_amrap = excluded.is_amrap, is_warmup = excluded.is_warmup, notes = excluded.notes;
insert into public.catalog_day_exercises (program_day_id, exercise_id, sort_order, max_weight, target_sets, superset_group, is_amrap, is_warmup, notes) values ('bddc99f1-8ec8-5902-9c13-069a72c921ee'::uuid, 'efcfe102-fcc6-5cbf-9a3e-8fd73f5faa74'::uuid, 14, '110 lbs', 3, null, null, null, null) on conflict (program_day_id, sort_order) do update set exercise_id = excluded.exercise_id, max_weight = excluded.max_weight, target_sets = excluded.target_sets, superset_group = excluded.superset_group, is_amrap = excluded.is_amrap, is_warmup = excluded.is_warmup, notes = excluded.notes;
insert into public.catalog_program_days (id, program_id, day_index, label) values ('ce7d5203-3f51-5d54-879d-59964f1c21d8'::uuid, 'program-6', 1, 'Day 2 – Pull A') on conflict (program_id, day_index) do update set label = excluded.label;
insert into public.catalog_day_exercises (program_day_id, exercise_id, sort_order, max_weight, target_sets, superset_group, is_amrap, is_warmup, notes) values ('ce7d5203-3f51-5d54-879d-59964f1c21d8'::uuid, '39aff0b1-4fb7-5884-8b81-72530ae8a8a9'::uuid, 0, '145 lbs', 3, null, null, null, null) on conflict (program_day_id, sort_order) do update set exercise_id = excluded.exercise_id, max_weight = excluded.max_weight, target_sets = excluded.target_sets, superset_group = excluded.superset_group, is_amrap = excluded.is_amrap, is_warmup = excluded.is_warmup, notes = excluded.notes;
insert into public.catalog_day_exercises (program_day_id, exercise_id, sort_order, max_weight, target_sets, superset_group, is_amrap, is_warmup, notes) values ('ce7d5203-3f51-5d54-879d-59964f1c21d8'::uuid, '8e6d64b5-6083-5145-9b51-72fb96971d8a'::uuid, 1, '65 lbs', 3, null, null, null, null) on conflict (program_day_id, sort_order) do update set exercise_id = excluded.exercise_id, max_weight = excluded.max_weight, target_sets = excluded.target_sets, superset_group = excluded.superset_group, is_amrap = excluded.is_amrap, is_warmup = excluded.is_warmup, notes = excluded.notes;
insert into public.catalog_day_exercises (program_day_id, exercise_id, sort_order, max_weight, target_sets, superset_group, is_amrap, is_warmup, notes) values ('ce7d5203-3f51-5d54-879d-59964f1c21d8'::uuid, '96c82045-457c-5982-8ef2-e81881182402'::uuid, 2, '40 lbs', 3, null, null, null, null) on conflict (program_day_id, sort_order) do update set exercise_id = excluded.exercise_id, max_weight = excluded.max_weight, target_sets = excluded.target_sets, superset_group = excluded.superset_group, is_amrap = excluded.is_amrap, is_warmup = excluded.is_warmup, notes = excluded.notes;
insert into public.catalog_day_exercises (program_day_id, exercise_id, sort_order, max_weight, target_sets, superset_group, is_amrap, is_warmup, notes) values ('ce7d5203-3f51-5d54-879d-59964f1c21d8'::uuid, '023ce2c7-448a-531f-9bdb-dd813275ce67'::uuid, 3, '110 lbs', 3, null, null, null, null) on conflict (program_day_id, sort_order) do update set exercise_id = excluded.exercise_id, max_weight = excluded.max_weight, target_sets = excluded.target_sets, superset_group = excluded.superset_group, is_amrap = excluded.is_amrap, is_warmup = excluded.is_warmup, notes = excluded.notes;
insert into public.catalog_day_exercises (program_day_id, exercise_id, sort_order, max_weight, target_sets, superset_group, is_amrap, is_warmup, notes) values ('ce7d5203-3f51-5d54-879d-59964f1c21d8'::uuid, 'e06c416e-994f-516e-984c-46ac44c3ee09'::uuid, 4, '40 lbs', 3, null, null, null, null) on conflict (program_day_id, sort_order) do update set exercise_id = excluded.exercise_id, max_weight = excluded.max_weight, target_sets = excluded.target_sets, superset_group = excluded.superset_group, is_amrap = excluded.is_amrap, is_warmup = excluded.is_warmup, notes = excluded.notes;
insert into public.catalog_day_exercises (program_day_id, exercise_id, sort_order, max_weight, target_sets, superset_group, is_amrap, is_warmup, notes) values ('ce7d5203-3f51-5d54-879d-59964f1c21d8'::uuid, 'a19d1e35-de59-54cb-842b-16f93065c052'::uuid, 5, '65 lbs', 3, null, null, null, null) on conflict (program_day_id, sort_order) do update set exercise_id = excluded.exercise_id, max_weight = excluded.max_weight, target_sets = excluded.target_sets, superset_group = excluded.superset_group, is_amrap = excluded.is_amrap, is_warmup = excluded.is_warmup, notes = excluded.notes;
insert into public.catalog_day_exercises (program_day_id, exercise_id, sort_order, max_weight, target_sets, superset_group, is_amrap, is_warmup, notes) values ('ce7d5203-3f51-5d54-879d-59964f1c21d8'::uuid, 'b5bf19be-16e4-5706-92fa-a047f9f35113'::uuid, 6, '130 lbs', 3, null, null, null, null) on conflict (program_day_id, sort_order) do update set exercise_id = excluded.exercise_id, max_weight = excluded.max_weight, target_sets = excluded.target_sets, superset_group = excluded.superset_group, is_amrap = excluded.is_amrap, is_warmup = excluded.is_warmup, notes = excluded.notes;
insert into public.catalog_day_exercises (program_day_id, exercise_id, sort_order, max_weight, target_sets, superset_group, is_amrap, is_warmup, notes) values ('ce7d5203-3f51-5d54-879d-59964f1c21d8'::uuid, '6682a0ea-363a-51ce-8800-a38312024a82'::uuid, 7, '35 lbs', 3, null, null, null, null) on conflict (program_day_id, sort_order) do update set exercise_id = excluded.exercise_id, max_weight = excluded.max_weight, target_sets = excluded.target_sets, superset_group = excluded.superset_group, is_amrap = excluded.is_amrap, is_warmup = excluded.is_warmup, notes = excluded.notes;
insert into public.catalog_day_exercises (program_day_id, exercise_id, sort_order, max_weight, target_sets, superset_group, is_amrap, is_warmup, notes) values ('ce7d5203-3f51-5d54-879d-59964f1c21d8'::uuid, '65c9a2e8-9d39-5510-bcf0-fd85837867bb'::uuid, 8, '70 lbs', 3, null, null, null, null) on conflict (program_day_id, sort_order) do update set exercise_id = excluded.exercise_id, max_weight = excluded.max_weight, target_sets = excluded.target_sets, superset_group = excluded.superset_group, is_amrap = excluded.is_amrap, is_warmup = excluded.is_warmup, notes = excluded.notes;
insert into public.catalog_day_exercises (program_day_id, exercise_id, sort_order, max_weight, target_sets, superset_group, is_amrap, is_warmup, notes) values ('ce7d5203-3f51-5d54-879d-59964f1c21d8'::uuid, 'fbeb728d-5d90-562c-8f7d-a033c2da5c3c'::uuid, 9, '50 lbs', 3, null, null, null, null) on conflict (program_day_id, sort_order) do update set exercise_id = excluded.exercise_id, max_weight = excluded.max_weight, target_sets = excluded.target_sets, superset_group = excluded.superset_group, is_amrap = excluded.is_amrap, is_warmup = excluded.is_warmup, notes = excluded.notes;
insert into public.catalog_day_exercises (program_day_id, exercise_id, sort_order, max_weight, target_sets, superset_group, is_amrap, is_warmup, notes) values ('ce7d5203-3f51-5d54-879d-59964f1c21d8'::uuid, 'edfcca99-07fe-57a0-b147-7dd039334e9b'::uuid, 10, '190 lbs', 3, null, null, null, null) on conflict (program_day_id, sort_order) do update set exercise_id = excluded.exercise_id, max_weight = excluded.max_weight, target_sets = excluded.target_sets, superset_group = excluded.superset_group, is_amrap = excluded.is_amrap, is_warmup = excluded.is_warmup, notes = excluded.notes;
insert into public.catalog_day_exercises (program_day_id, exercise_id, sort_order, max_weight, target_sets, superset_group, is_amrap, is_warmup, notes) values ('ce7d5203-3f51-5d54-879d-59964f1c21d8'::uuid, '5781fd8b-1073-5f36-bc63-695a3628a130'::uuid, 11, '90 lbs', 3, null, null, null, null) on conflict (program_day_id, sort_order) do update set exercise_id = excluded.exercise_id, max_weight = excluded.max_weight, target_sets = excluded.target_sets, superset_group = excluded.superset_group, is_amrap = excluded.is_amrap, is_warmup = excluded.is_warmup, notes = excluded.notes;
insert into public.catalog_day_exercises (program_day_id, exercise_id, sort_order, max_weight, target_sets, superset_group, is_amrap, is_warmup, notes) values ('ce7d5203-3f51-5d54-879d-59964f1c21d8'::uuid, 'd8f42e90-ced5-560a-bb20-28034ede9f28'::uuid, 12, '145 lbs', 3, null, null, null, null) on conflict (program_day_id, sort_order) do update set exercise_id = excluded.exercise_id, max_weight = excluded.max_weight, target_sets = excluded.target_sets, superset_group = excluded.superset_group, is_amrap = excluded.is_amrap, is_warmup = excluded.is_warmup, notes = excluded.notes;
insert into public.catalog_day_exercises (program_day_id, exercise_id, sort_order, max_weight, target_sets, superset_group, is_amrap, is_warmup, notes) values ('ce7d5203-3f51-5d54-879d-59964f1c21d8'::uuid, '270ff1cb-5490-54af-aaed-86dd0c39fe74'::uuid, 13, '140 lbs', 3, null, null, null, null) on conflict (program_day_id, sort_order) do update set exercise_id = excluded.exercise_id, max_weight = excluded.max_weight, target_sets = excluded.target_sets, superset_group = excluded.superset_group, is_amrap = excluded.is_amrap, is_warmup = excluded.is_warmup, notes = excluded.notes;
insert into public.catalog_day_exercises (program_day_id, exercise_id, sort_order, max_weight, target_sets, superset_group, is_amrap, is_warmup, notes) values ('ce7d5203-3f51-5d54-879d-59964f1c21d8'::uuid, 'c9e697ba-d628-54c9-9211-0f17f3eb0754'::uuid, 14, '120 lbs', 3, null, null, null, null) on conflict (program_day_id, sort_order) do update set exercise_id = excluded.exercise_id, max_weight = excluded.max_weight, target_sets = excluded.target_sets, superset_group = excluded.superset_group, is_amrap = excluded.is_amrap, is_warmup = excluded.is_warmup, notes = excluded.notes;
insert into public.catalog_day_exercises (program_day_id, exercise_id, sort_order, max_weight, target_sets, superset_group, is_amrap, is_warmup, notes) values ('ce7d5203-3f51-5d54-879d-59964f1c21d8'::uuid, 'efcfe102-fcc6-5cbf-9a3e-8fd73f5faa74'::uuid, 15, '110 lbs', 3, null, null, null, null) on conflict (program_day_id, sort_order) do update set exercise_id = excluded.exercise_id, max_weight = excluded.max_weight, target_sets = excluded.target_sets, superset_group = excluded.superset_group, is_amrap = excluded.is_amrap, is_warmup = excluded.is_warmup, notes = excluded.notes;
insert into public.catalog_program_days (id, program_id, day_index, label) values ('d5ba64f9-56ca-5b34-b9ba-3c1852780720'::uuid, 'program-6', 2, 'Day 3 – Pull B') on conflict (program_id, day_index) do update set label = excluded.label;
insert into public.catalog_day_exercises (program_day_id, exercise_id, sort_order, max_weight, target_sets, superset_group, is_amrap, is_warmup, notes) values ('d5ba64f9-56ca-5b34-b9ba-3c1852780720'::uuid, '39aff0b1-4fb7-5884-8b81-72530ae8a8a9'::uuid, 0, '135 lbs', 3, null, null, null, null) on conflict (program_day_id, sort_order) do update set exercise_id = excluded.exercise_id, max_weight = excluded.max_weight, target_sets = excluded.target_sets, superset_group = excluded.superset_group, is_amrap = excluded.is_amrap, is_warmup = excluded.is_warmup, notes = excluded.notes;
insert into public.catalog_day_exercises (program_day_id, exercise_id, sort_order, max_weight, target_sets, superset_group, is_amrap, is_warmup, notes) values ('d5ba64f9-56ca-5b34-b9ba-3c1852780720'::uuid, '96c82045-457c-5982-8ef2-e81881182402'::uuid, 1, '40 lbs', 3, null, null, null, null) on conflict (program_day_id, sort_order) do update set exercise_id = excluded.exercise_id, max_weight = excluded.max_weight, target_sets = excluded.target_sets, superset_group = excluded.superset_group, is_amrap = excluded.is_amrap, is_warmup = excluded.is_warmup, notes = excluded.notes;
insert into public.catalog_day_exercises (program_day_id, exercise_id, sort_order, max_weight, target_sets, superset_group, is_amrap, is_warmup, notes) values ('d5ba64f9-56ca-5b34-b9ba-3c1852780720'::uuid, '023ce2c7-448a-531f-9bdb-dd813275ce67'::uuid, 2, '110 lbs', 3, null, null, null, null) on conflict (program_day_id, sort_order) do update set exercise_id = excluded.exercise_id, max_weight = excluded.max_weight, target_sets = excluded.target_sets, superset_group = excluded.superset_group, is_amrap = excluded.is_amrap, is_warmup = excluded.is_warmup, notes = excluded.notes;
insert into public.catalog_day_exercises (program_day_id, exercise_id, sort_order, max_weight, target_sets, superset_group, is_amrap, is_warmup, notes) values ('d5ba64f9-56ca-5b34-b9ba-3c1852780720'::uuid, 'e06c416e-994f-516e-984c-46ac44c3ee09'::uuid, 3, '40 lbs', 3, null, null, null, null) on conflict (program_day_id, sort_order) do update set exercise_id = excluded.exercise_id, max_weight = excluded.max_weight, target_sets = excluded.target_sets, superset_group = excluded.superset_group, is_amrap = excluded.is_amrap, is_warmup = excluded.is_warmup, notes = excluded.notes;
insert into public.catalog_day_exercises (program_day_id, exercise_id, sort_order, max_weight, target_sets, superset_group, is_amrap, is_warmup, notes) values ('d5ba64f9-56ca-5b34-b9ba-3c1852780720'::uuid, 'b5bf19be-16e4-5706-92fa-a047f9f35113'::uuid, 4, '115 lbs', 3, null, null, null, null) on conflict (program_day_id, sort_order) do update set exercise_id = excluded.exercise_id, max_weight = excluded.max_weight, target_sets = excluded.target_sets, superset_group = excluded.superset_group, is_amrap = excluded.is_amrap, is_warmup = excluded.is_warmup, notes = excluded.notes;
insert into public.catalog_day_exercises (program_day_id, exercise_id, sort_order, max_weight, target_sets, superset_group, is_amrap, is_warmup, notes) values ('d5ba64f9-56ca-5b34-b9ba-3c1852780720'::uuid, 'ac31f60a-aed0-5ad9-8223-6a5cf5105271'::uuid, 5, '50 lbs', 3, null, null, null, null) on conflict (program_day_id, sort_order) do update set exercise_id = excluded.exercise_id, max_weight = excluded.max_weight, target_sets = excluded.target_sets, superset_group = excluded.superset_group, is_amrap = excluded.is_amrap, is_warmup = excluded.is_warmup, notes = excluded.notes;
insert into public.catalog_day_exercises (program_day_id, exercise_id, sort_order, max_weight, target_sets, superset_group, is_amrap, is_warmup, notes) values ('d5ba64f9-56ca-5b34-b9ba-3c1852780720'::uuid, 'c70ba2c5-9b1a-50f2-affd-21f906428ee9'::uuid, 6, '145 lbs', 3, null, null, null, null) on conflict (program_day_id, sort_order) do update set exercise_id = excluded.exercise_id, max_weight = excluded.max_weight, target_sets = excluded.target_sets, superset_group = excluded.superset_group, is_amrap = excluded.is_amrap, is_warmup = excluded.is_warmup, notes = excluded.notes;
insert into public.catalog_day_exercises (program_day_id, exercise_id, sort_order, max_weight, target_sets, superset_group, is_amrap, is_warmup, notes) values ('d5ba64f9-56ca-5b34-b9ba-3c1852780720'::uuid, '6f79f10b-2cb4-5ec7-b732-c92353d1377e'::uuid, 7, '450 lbs', 3, null, null, null, null) on conflict (program_day_id, sort_order) do update set exercise_id = excluded.exercise_id, max_weight = excluded.max_weight, target_sets = excluded.target_sets, superset_group = excluded.superset_group, is_amrap = excluded.is_amrap, is_warmup = excluded.is_warmup, notes = excluded.notes;
insert into public.catalog_day_exercises (program_day_id, exercise_id, sort_order, max_weight, target_sets, superset_group, is_amrap, is_warmup, notes) values ('d5ba64f9-56ca-5b34-b9ba-3c1852780720'::uuid, '57626014-d298-5fb8-9b46-bed21e43471a'::uuid, 8, '90 lbs', 3, null, null, null, null) on conflict (program_day_id, sort_order) do update set exercise_id = excluded.exercise_id, max_weight = excluded.max_weight, target_sets = excluded.target_sets, superset_group = excluded.superset_group, is_amrap = excluded.is_amrap, is_warmup = excluded.is_warmup, notes = excluded.notes;
insert into public.catalog_day_exercises (program_day_id, exercise_id, sort_order, max_weight, target_sets, superset_group, is_amrap, is_warmup, notes) values ('d5ba64f9-56ca-5b34-b9ba-3c1852780720'::uuid, '6b64e15b-8475-5c91-959c-b6735cdadf42'::uuid, 9, '70 lbs', 3, null, null, null, null) on conflict (program_day_id, sort_order) do update set exercise_id = excluded.exercise_id, max_weight = excluded.max_weight, target_sets = excluded.target_sets, superset_group = excluded.superset_group, is_amrap = excluded.is_amrap, is_warmup = excluded.is_warmup, notes = excluded.notes;
insert into public.catalog_day_exercises (program_day_id, exercise_id, sort_order, max_weight, target_sets, superset_group, is_amrap, is_warmup, notes) values ('d5ba64f9-56ca-5b34-b9ba-3c1852780720'::uuid, '5284c0ae-82ca-536e-bf29-281625c34043'::uuid, 10, '90 lbs', 3, null, null, null, null) on conflict (program_day_id, sort_order) do update set exercise_id = excluded.exercise_id, max_weight = excluded.max_weight, target_sets = excluded.target_sets, superset_group = excluded.superset_group, is_amrap = excluded.is_amrap, is_warmup = excluded.is_warmup, notes = excluded.notes;
insert into public.catalog_day_exercises (program_day_id, exercise_id, sort_order, max_weight, target_sets, superset_group, is_amrap, is_warmup, notes) values ('d5ba64f9-56ca-5b34-b9ba-3c1852780720'::uuid, '2f6a9102-425b-52c3-b064-6552cf44d21e'::uuid, 11, '110 lbs', 3, null, null, null, null) on conflict (program_day_id, sort_order) do update set exercise_id = excluded.exercise_id, max_weight = excluded.max_weight, target_sets = excluded.target_sets, superset_group = excluded.superset_group, is_amrap = excluded.is_amrap, is_warmup = excluded.is_warmup, notes = excluded.notes;
insert into public.catalog_day_exercises (program_day_id, exercise_id, sort_order, max_weight, target_sets, superset_group, is_amrap, is_warmup, notes) values ('d5ba64f9-56ca-5b34-b9ba-3c1852780720'::uuid, 'd8f42e90-ced5-560a-bb20-28034ede9f28'::uuid, 12, '145 lbs', 3, null, null, null, null) on conflict (program_day_id, sort_order) do update set exercise_id = excluded.exercise_id, max_weight = excluded.max_weight, target_sets = excluded.target_sets, superset_group = excluded.superset_group, is_amrap = excluded.is_amrap, is_warmup = excluded.is_warmup, notes = excluded.notes;
insert into public.catalog_day_exercises (program_day_id, exercise_id, sort_order, max_weight, target_sets, superset_group, is_amrap, is_warmup, notes) values ('d5ba64f9-56ca-5b34-b9ba-3c1852780720'::uuid, 'efd65197-a81e-590d-a2da-c90f71f7dfbe'::uuid, 13, '150 lbs', 3, null, null, null, null) on conflict (program_day_id, sort_order) do update set exercise_id = excluded.exercise_id, max_weight = excluded.max_weight, target_sets = excluded.target_sets, superset_group = excluded.superset_group, is_amrap = excluded.is_amrap, is_warmup = excluded.is_warmup, notes = excluded.notes;
insert into public.catalog_program_days (id, program_id, day_index, label) values ('3004f573-c75c-5f50-b727-b9210981b9a1'::uuid, 'program-6', 3, 'Day 4 – Legs') on conflict (program_id, day_index) do update set label = excluded.label;
insert into public.catalog_day_exercises (program_day_id, exercise_id, sort_order, max_weight, target_sets, superset_group, is_amrap, is_warmup, notes) values ('3004f573-c75c-5f50-b727-b9210981b9a1'::uuid, '3606fe51-8f68-5227-8d83-74f852ebc8e3'::uuid, 0, '155 lbs', 3, null, null, null, null) on conflict (program_day_id, sort_order) do update set exercise_id = excluded.exercise_id, max_weight = excluded.max_weight, target_sets = excluded.target_sets, superset_group = excluded.superset_group, is_amrap = excluded.is_amrap, is_warmup = excluded.is_warmup, notes = excluded.notes;
insert into public.catalog_day_exercises (program_day_id, exercise_id, sort_order, max_weight, target_sets, superset_group, is_amrap, is_warmup, notes) values ('3004f573-c75c-5f50-b727-b9210981b9a1'::uuid, '184bd666-1732-58a1-b6e7-c20f9eb5f721'::uuid, 1, '120 lbs', 3, null, null, null, null) on conflict (program_day_id, sort_order) do update set exercise_id = excluded.exercise_id, max_weight = excluded.max_weight, target_sets = excluded.target_sets, superset_group = excluded.superset_group, is_amrap = excluded.is_amrap, is_warmup = excluded.is_warmup, notes = excluded.notes;
insert into public.catalog_day_exercises (program_day_id, exercise_id, sort_order, max_weight, target_sets, superset_group, is_amrap, is_warmup, notes) values ('3004f573-c75c-5f50-b727-b9210981b9a1'::uuid, '5d3e2b5a-dd5d-5553-87f3-0aede557d391'::uuid, 2, '80 lbs', 3, null, null, null, null) on conflict (program_day_id, sort_order) do update set exercise_id = excluded.exercise_id, max_weight = excluded.max_weight, target_sets = excluded.target_sets, superset_group = excluded.superset_group, is_amrap = excluded.is_amrap, is_warmup = excluded.is_warmup, notes = excluded.notes;
insert into public.catalog_day_exercises (program_day_id, exercise_id, sort_order, max_weight, target_sets, superset_group, is_amrap, is_warmup, notes) values ('3004f573-c75c-5f50-b727-b9210981b9a1'::uuid, 'ac31f60a-aed0-5ad9-8223-6a5cf5105271'::uuid, 3, '40 lbs', 3, null, null, null, null) on conflict (program_day_id, sort_order) do update set exercise_id = excluded.exercise_id, max_weight = excluded.max_weight, target_sets = excluded.target_sets, superset_group = excluded.superset_group, is_amrap = excluded.is_amrap, is_warmup = excluded.is_warmup, notes = excluded.notes;
insert into public.catalog_day_exercises (program_day_id, exercise_id, sort_order, max_weight, target_sets, superset_group, is_amrap, is_warmup, notes) values ('3004f573-c75c-5f50-b727-b9210981b9a1'::uuid, 'c70ba2c5-9b1a-50f2-affd-21f906428ee9'::uuid, 4, '145 lbs', 3, null, null, null, null) on conflict (program_day_id, sort_order) do update set exercise_id = excluded.exercise_id, max_weight = excluded.max_weight, target_sets = excluded.target_sets, superset_group = excluded.superset_group, is_amrap = excluded.is_amrap, is_warmup = excluded.is_warmup, notes = excluded.notes;
insert into public.catalog_day_exercises (program_day_id, exercise_id, sort_order, max_weight, target_sets, superset_group, is_amrap, is_warmup, notes) values ('3004f573-c75c-5f50-b727-b9210981b9a1'::uuid, '6f79f10b-2cb4-5ec7-b732-c92353d1377e'::uuid, 5, '360 lbs', 3, null, null, null, null) on conflict (program_day_id, sort_order) do update set exercise_id = excluded.exercise_id, max_weight = excluded.max_weight, target_sets = excluded.target_sets, superset_group = excluded.superset_group, is_amrap = excluded.is_amrap, is_warmup = excluded.is_warmup, notes = excluded.notes;
insert into public.catalog_day_exercises (program_day_id, exercise_id, sort_order, max_weight, target_sets, superset_group, is_amrap, is_warmup, notes) values ('3004f573-c75c-5f50-b727-b9210981b9a1'::uuid, '57626014-d298-5fb8-9b46-bed21e43471a'::uuid, 6, '30 lbs', 3, null, null, null, null) on conflict (program_day_id, sort_order) do update set exercise_id = excluded.exercise_id, max_weight = excluded.max_weight, target_sets = excluded.target_sets, superset_group = excluded.superset_group, is_amrap = excluded.is_amrap, is_warmup = excluded.is_warmup, notes = excluded.notes;
insert into public.catalog_day_exercises (program_day_id, exercise_id, sort_order, max_weight, target_sets, superset_group, is_amrap, is_warmup, notes) values ('3004f573-c75c-5f50-b727-b9210981b9a1'::uuid, '21bf1fd2-e3fb-5c23-9072-8b44692ad5b4'::uuid, 7, '110 lbs', 3, null, null, null, null) on conflict (program_day_id, sort_order) do update set exercise_id = excluded.exercise_id, max_weight = excluded.max_weight, target_sets = excluded.target_sets, superset_group = excluded.superset_group, is_amrap = excluded.is_amrap, is_warmup = excluded.is_warmup, notes = excluded.notes;
insert into public.catalog_day_exercises (program_day_id, exercise_id, sort_order, max_weight, target_sets, superset_group, is_amrap, is_warmup, notes) values ('3004f573-c75c-5f50-b727-b9210981b9a1'::uuid, 'fbeb728d-5d90-562c-8f7d-a033c2da5c3c'::uuid, 8, '55 lbs', 3, null, null, null, null) on conflict (program_day_id, sort_order) do update set exercise_id = excluded.exercise_id, max_weight = excluded.max_weight, target_sets = excluded.target_sets, superset_group = excluded.superset_group, is_amrap = excluded.is_amrap, is_warmup = excluded.is_warmup, notes = excluded.notes;
insert into public.catalog_day_exercises (program_day_id, exercise_id, sort_order, max_weight, target_sets, superset_group, is_amrap, is_warmup, notes) values ('3004f573-c75c-5f50-b727-b9210981b9a1'::uuid, '3506d850-0364-5dbd-835f-44ca7c1d3c97'::uuid, 9, '85 lbs', 3, null, null, null, null) on conflict (program_day_id, sort_order) do update set exercise_id = excluded.exercise_id, max_weight = excluded.max_weight, target_sets = excluded.target_sets, superset_group = excluded.superset_group, is_amrap = excluded.is_amrap, is_warmup = excluded.is_warmup, notes = excluded.notes;
insert into public.catalog_day_exercises (program_day_id, exercise_id, sort_order, max_weight, target_sets, superset_group, is_amrap, is_warmup, notes) values ('3004f573-c75c-5f50-b727-b9210981b9a1'::uuid, 'fa690959-d8bb-5e95-a07f-206062786672'::uuid, 10, '45 lbs', 3, null, null, null, null) on conflict (program_day_id, sort_order) do update set exercise_id = excluded.exercise_id, max_weight = excluded.max_weight, target_sets = excluded.target_sets, superset_group = excluded.superset_group, is_amrap = excluded.is_amrap, is_warmup = excluded.is_warmup, notes = excluded.notes;
insert into public.catalog_day_exercises (program_day_id, exercise_id, sort_order, max_weight, target_sets, superset_group, is_amrap, is_warmup, notes) values ('3004f573-c75c-5f50-b727-b9210981b9a1'::uuid, '6b64e15b-8475-5c91-959c-b6735cdadf42'::uuid, 11, '50 lbs', 3, null, null, null, null) on conflict (program_day_id, sort_order) do update set exercise_id = excluded.exercise_id, max_weight = excluded.max_weight, target_sets = excluded.target_sets, superset_group = excluded.superset_group, is_amrap = excluded.is_amrap, is_warmup = excluded.is_warmup, notes = excluded.notes;
insert into public.catalog_day_exercises (program_day_id, exercise_id, sort_order, max_weight, target_sets, superset_group, is_amrap, is_warmup, notes) values ('3004f573-c75c-5f50-b727-b9210981b9a1'::uuid, '2f6a9102-425b-52c3-b064-6552cf44d21e'::uuid, 12, '110 lbs', 3, null, null, null, null) on conflict (program_day_id, sort_order) do update set exercise_id = excluded.exercise_id, max_weight = excluded.max_weight, target_sets = excluded.target_sets, superset_group = excluded.superset_group, is_amrap = excluded.is_amrap, is_warmup = excluded.is_warmup, notes = excluded.notes;
insert into public.catalog_day_exercises (program_day_id, exercise_id, sort_order, max_weight, target_sets, superset_group, is_amrap, is_warmup, notes) values ('3004f573-c75c-5f50-b727-b9210981b9a1'::uuid, '73db24ca-c306-57df-95e7-c44cbd200be9'::uuid, 13, '205 lbs', 3, null, null, null, null) on conflict (program_day_id, sort_order) do update set exercise_id = excluded.exercise_id, max_weight = excluded.max_weight, target_sets = excluded.target_sets, superset_group = excluded.superset_group, is_amrap = excluded.is_amrap, is_warmup = excluded.is_warmup, notes = excluded.notes;
insert into public.catalog_day_exercises (program_day_id, exercise_id, sort_order, max_weight, target_sets, superset_group, is_amrap, is_warmup, notes) values ('3004f573-c75c-5f50-b727-b9210981b9a1'::uuid, '77b747c9-61a6-5209-b0d7-75269000f3a5'::uuid, 14, '70 lbs', 3, null, null, null, null) on conflict (program_day_id, sort_order) do update set exercise_id = excluded.exercise_id, max_weight = excluded.max_weight, target_sets = excluded.target_sets, superset_group = excluded.superset_group, is_amrap = excluded.is_amrap, is_warmup = excluded.is_warmup, notes = excluded.notes;
insert into public.catalog_day_exercises (program_day_id, exercise_id, sort_order, max_weight, target_sets, superset_group, is_amrap, is_warmup, notes) values ('3004f573-c75c-5f50-b727-b9210981b9a1'::uuid, 'efd65197-a81e-590d-a2da-c90f71f7dfbe'::uuid, 15, '170 lbs', 3, null, null, null, null) on conflict (program_day_id, sort_order) do update set exercise_id = excluded.exercise_id, max_weight = excluded.max_weight, target_sets = excluded.target_sets, superset_group = excluded.superset_group, is_amrap = excluded.is_amrap, is_warmup = excluded.is_warmup, notes = excluded.notes;
insert into public.catalog_programs (id, name, subtitle, period, date_range, color, is_user_created) values ('user-0E053E19-EBF7-4B61-80F1-C9DBDFC5EF12', 'Duane', 'OTF', '', '', '#66bfcc', true) on conflict (id) do update set name = excluded.name, subtitle = excluded.subtitle, period = excluded.period, date_range = excluded.date_range, color = excluded.color, is_user_created = excluded.is_user_created;
insert into public.catalog_program_days (id, program_id, day_index, label) values ('4c222ecd-337e-58e5-a204-e977d4038e89'::uuid, 'user-0E053E19-EBF7-4B61-80F1-C9DBDFC5EF12', 0, 'Day 1') on conflict (program_id, day_index) do update set label = excluded.label;
insert into public.catalog_day_exercises (program_day_id, exercise_id, sort_order, max_weight, target_sets, superset_group, is_amrap, is_warmup, notes) values ('4c222ecd-337e-58e5-a204-e977d4038e89'::uuid, '92835cdf-3c3e-5908-8cbb-1868e5be830e'::uuid, 0, '', 3, null, null, null, 'Full ROM and Squeeze at top') on conflict (program_day_id, sort_order) do update set exercise_id = excluded.exercise_id, max_weight = excluded.max_weight, target_sets = excluded.target_sets, superset_group = excluded.superset_group, is_amrap = excluded.is_amrap, is_warmup = excluded.is_warmup, notes = excluded.notes;
insert into public.catalog_day_exercises (program_day_id, exercise_id, sort_order, max_weight, target_sets, superset_group, is_amrap, is_warmup, notes) values ('4c222ecd-337e-58e5-a204-e977d4038e89'::uuid, '5290bbc5-6e6b-57eb-9a4b-e7ab9e4625b9'::uuid, 1, '', 3, null, null, null, null) on conflict (program_day_id, sort_order) do update set exercise_id = excluded.exercise_id, max_weight = excluded.max_weight, target_sets = excluded.target_sets, superset_group = excluded.superset_group, is_amrap = excluded.is_amrap, is_warmup = excluded.is_warmup, notes = excluded.notes;
insert into public.catalog_day_exercises (program_day_id, exercise_id, sort_order, max_weight, target_sets, superset_group, is_amrap, is_warmup, notes) values ('4c222ecd-337e-58e5-a204-e977d4038e89'::uuid, 'b1713d09-d6f7-51b6-a3a7-396824608a2b'::uuid, 2, '', 3, null, null, null, null) on conflict (program_day_id, sort_order) do update set exercise_id = excluded.exercise_id, max_weight = excluded.max_weight, target_sets = excluded.target_sets, superset_group = excluded.superset_group, is_amrap = excluded.is_amrap, is_warmup = excluded.is_warmup, notes = excluded.notes;
insert into public.catalog_day_exercises (program_day_id, exercise_id, sort_order, max_weight, target_sets, superset_group, is_amrap, is_warmup, notes) values ('4c222ecd-337e-58e5-a204-e977d4038e89'::uuid, 'e504991b-afa7-58e0-80a9-97c10c5d40cb'::uuid, 3, '', 3, 1, null, null, null) on conflict (program_day_id, sort_order) do update set exercise_id = excluded.exercise_id, max_weight = excluded.max_weight, target_sets = excluded.target_sets, superset_group = excluded.superset_group, is_amrap = excluded.is_amrap, is_warmup = excluded.is_warmup, notes = excluded.notes;
insert into public.catalog_day_exercises (program_day_id, exercise_id, sort_order, max_weight, target_sets, superset_group, is_amrap, is_warmup, notes) values ('4c222ecd-337e-58e5-a204-e977d4038e89'::uuid, '3b26eba5-52c1-5637-a3ab-2f684de8bf57'::uuid, 4, '', 3, 1, null, null, null) on conflict (program_day_id, sort_order) do update set exercise_id = excluded.exercise_id, max_weight = excluded.max_weight, target_sets = excluded.target_sets, superset_group = excluded.superset_group, is_amrap = excluded.is_amrap, is_warmup = excluded.is_warmup, notes = excluded.notes;
insert into public.catalog_day_exercises (program_day_id, exercise_id, sort_order, max_weight, target_sets, superset_group, is_amrap, is_warmup, notes) values ('4c222ecd-337e-58e5-a204-e977d4038e89'::uuid, 'b97737d1-2a04-51d8-9731-41ddd1709e82'::uuid, 5, '', 3, null, null, null, 'Hold the dumbbells at 45 degrees and they should be overhead upon finish.') on conflict (program_day_id, sort_order) do update set exercise_id = excluded.exercise_id, max_weight = excluded.max_weight, target_sets = excluded.target_sets, superset_group = excluded.superset_group, is_amrap = excluded.is_amrap, is_warmup = excluded.is_warmup, notes = excluded.notes;
insert into public.catalog_day_exercises (program_day_id, exercise_id, sort_order, max_weight, target_sets, superset_group, is_amrap, is_warmup, notes) values ('4c222ecd-337e-58e5-a204-e977d4038e89'::uuid, '13195f98-d5d6-5778-b191-aa6a39a534af'::uuid, 6, '', 3, null, null, null, null) on conflict (program_day_id, sort_order) do update set exercise_id = excluded.exercise_id, max_weight = excluded.max_weight, target_sets = excluded.target_sets, superset_group = excluded.superset_group, is_amrap = excluded.is_amrap, is_warmup = excluded.is_warmup, notes = excluded.notes;
insert into public.catalog_day_exercises (program_day_id, exercise_id, sort_order, max_weight, target_sets, superset_group, is_amrap, is_warmup, notes) values ('4c222ecd-337e-58e5-a204-e977d4038e89'::uuid, 'f64667c2-2b94-5829-925c-d0e101373ca8'::uuid, 7, '', 1, null, true, null, null) on conflict (program_day_id, sort_order) do update set exercise_id = excluded.exercise_id, max_weight = excluded.max_weight, target_sets = excluded.target_sets, superset_group = excluded.superset_group, is_amrap = excluded.is_amrap, is_warmup = excluded.is_warmup, notes = excluded.notes;

insert into public.catalog_release (id, version, notes, published_at)
values (1, 1, 'migration: workout_programs.json', now())
on conflict (id) do update set
  version = 1,
  notes = excluded.notes,
  published_at = excluded.published_at;

insert into public.bundled_progress_reference (id, payload)
values (1, $progress_json${"exerciseProgressData":[{"name":"Leg Extension","sessionCount":93,"peakWeight":190,"firstWeight":55,"lastWeight":15,"entries":[{"date":"2023-04-19","weight":55,"reps":12,"maxReps":12,"program":"Program 1","dayTitle":"Day 2 - Lower//Neil"},{"date":"2023-04-26","weight":60,"reps":11,"maxReps":12,"program":"Program 1","dayTitle":"Day 2 - Lower//Neil"},{"date":"2023-05-03","weight":75,"reps":11,"maxReps":12,"program":"Program 1","dayTitle":"Day 2 - Lower//Neil"},{"date":"2023-05-10","weight":100,"reps":12,"maxReps":12,"program":"Program 1","dayTitle":"Day 2 - Lower//Neil"},{"date":"2023-05-17","weight":115,"reps":10,"maxReps":10,"program":"Program 1","dayTitle":"Day 2 - Lower//Neil"},{"date":"2023-05-24","weight":145,"reps":10,"maxReps":10,"program":"Program 1","dayTitle":"Day 2 - Lower//Neil"},{"date":"2023-05-31","weight":145,"reps":10,"maxReps":15,"program":"Program 1","dayTitle":"Day 2 - Lower//Neil"},{"date":"2023-06-07","weight":130,"reps":10,"maxReps":10,"program":"Program 1","dayTitle":"Day 2 - Lower//Neil"},{"date":"2023-06-14","weight":130,"reps":10,"maxReps":10,"program":"Program 1","dayTitle":"Day 2 - Lower//Neil"},{"date":"2023-06-21","weight":145,"reps":10,"maxReps":10,"program":"Program 1","dayTitle":"Day 2 - Lower//Neil"},{"date":"2023-07-12","weight":145,"reps":10,"maxReps":10,"program":"Program 1","dayTitle":"Day 2 - Lower//Neil"},{"date":"2023-07-19","weight":160,"reps":10,"maxReps":10,"program":"Program 1","dayTitle":"Day 2 - Lower//Neil"},{"date":"2023-07-26","weight":190,"reps":8,"maxReps":10,"program":"Program 1","dayTitle":"Day 2 - Lower//Neil"},{"date":"2023-08-02","weight":145,"reps":10,"maxReps":10,"program":"Program 1","dayTitle":"Day 2 - Lower//Neil"},{"date":"2023-08-09","weight":160,"reps":8,"maxReps":12,"program":"Program 1","dayTitle":"Day 2 - Lower//Neil"},{"date":"2023-08-16","weight":85,"reps":10,"maxReps":10,"program":"Program 1","dayTitle":"Day 2 - Lower//Neil"},{"date":"2023-08-23","weight":160,"reps":8,"maxReps":10,"program":"Program 1","dayTitle":"Day 2 - Lower//Neil"},{"date":"2023-08-30","weight":145,"reps":10,"maxReps":10,"program":"Program 1","dayTitle":"Day 2 - Lower//Neil"},{"date":"2023-09-06","weight":145,"reps":10,"maxReps":10,"program":"Program 2","dayTitle":"Day 2 - Lower//Neil"},{"date":"2023-09-13","weight":85,"reps":10,"maxReps":10,"program":"Program 2","dayTitle":"Day 2 - Lower//Neil"},{"date":"2023-09-27","weight":105,"reps":10,"maxReps":10,"program":"Program 2","dayTitle":"Day 2 - Lower//Neil"},{"date":"2023-10-04","weight":145,"reps":9,"maxReps":9,"program":"Program 2","dayTitle":"Day 2 - Lower//Neil"},{"date":"2023-10-06","weight":145,"reps":12,"maxReps":12,"program":"Program 2","dayTitle":"Full Body//Neil"},{"date":"2023-10-11","weight":145,"reps":10,"maxReps":10,"program":"Program 2","dayTitle":"Day 2 - Lower//Neil"},{"date":"2023-10-13","weight":145,"reps":8,"maxReps":8,"program":"Program 2","dayTitle":"Full Body//Neil"},{"date":"2023-10-18","weight":175,"reps":10,"maxReps":10,"program":"Program 2","dayTitle":"Day 2 - Lower//Neil"},{"date":"2023-10-20","weight":125,"reps":10,"maxReps":10,"program":"Program 2","dayTitle":"Full Body//Neil"},{"date":"2023-10-25","weight":190,"reps":7,"maxReps":10,"program":"Program 2","dayTitle":"Day 2 - Lower//Neil"},{"date":"2023-10-27","weight":145,"reps":10,"maxReps":10,"program":"Program 2","dayTitle":"Full Body//Neil"},{"date":"2023-11-03","weight":150,"reps":7,"maxReps":10,"program":"Program 3","dayTitle":"Full Body//Neil"},{"date":"2023-11-08","weight":190,"reps":10,"maxReps":10,"program":"Program 3","dayTitle":"Day 2 - Lower//Neil"},{"date":"2023-11-10","weight":115,"reps":10,"maxReps":10,"program":"Program 3","dayTitle":"Full Body//Neil"},{"date":"2023-11-15","weight":115,"reps":15,"maxReps":15,"program":"Program 3","dayTitle":"Day 2 - Lower//Neil"},{"date":"2023-11-17","weight":130,"reps":10,"maxReps":10,"program":"Program 3","dayTitle":"Full Body//Neil"},{"date":"2023-11-22","weight":175,"reps":7,"maxReps":7,"program":"Program 3","dayTitle":"Day 2 - Lower//Neil"},{"date":"2023-11-24","weight":105,"reps":10,"maxReps":10,"program":"Program 3","dayTitle":"Full Body//Neil"},{"date":"2023-12-06","weight":175,"reps":8,"maxReps":8,"program":"Program 3","dayTitle":"Day 2 - Lower//Neil"},{"date":"2023-12-13","weight":140,"reps":10,"maxReps":10,"program":"Program 3","dayTitle":"Day 2 - Lower//Neil"},{"date":"2023-12-15","weight":90,"reps":10,"maxReps":10,"program":"Program 3","dayTitle":"Full Body//Neil"},{"date":"2023-12-20","weight":140,"reps":9,"maxReps":10,"program":"Program 3","dayTitle":"Day 2 - Lower//Neil"},{"date":"2023-12-22","weight":125,"reps":10,"maxReps":10,"program":"Program 3","dayTitle":"Full Body//Neil"},{"date":"2023-12-27","weight":140,"reps":9,"maxReps":10,"program":"Program 3","dayTitle":"Day 2 - Lower//Neil"},{"date":"2024-01-03","weight":140,"reps":10,"maxReps":10,"program":"Program 3","dayTitle":"Day 2 - Lower//Neil"},{"date":"2024-01-10","weight":160,"reps":10,"maxReps":10,"program":"Program 3","dayTitle":"Day 2 - Lower//Neil"},{"date":"2024-01-17","weight":150,"reps":10,"maxReps":10,"program":"Program 3","dayTitle":"Day 2 - Lower//Neil"},{"date":"2024-01-24","weight":140,"reps":8,"maxReps":8,"program":"Program 3","dayTitle":"Day 2 - Lower//Neil"},{"date":"2024-02-07","weight":180,"reps":6,"maxReps":10,"program":"Program 3","dayTitle":"Day 2 - Lower//Neil"},{"date":"2024-02-14","weight":160,"reps":10,"maxReps":10,"program":"Program 3","dayTitle":"Day 2 - Lower//Neil"},{"date":"2024-03-06","weight":185,"reps":8,"maxReps":10,"program":"Program 3","dayTitle":"Day 2 - Lower//Neil"},{"date":"2024-03-13","weight":175,"reps":10,"maxReps":10,"program":"Program 3","dayTitle":"Day 2 - Lower//Neil"},{"date":"2024-03-27","weight":160,"reps":8,"maxReps":8,"program":"Program 3","dayTitle":"Day 2 - Lower//Neil"},{"date":"2024-04-03","weight":160,"reps":10,"maxReps":10,"program":"Program 3","dayTitle":"Day 2 - Lower//Neil"},{"date":"2024-04-17","weight":105,"reps":10,"maxReps":10,"program":"Program 3","dayTitle":"Day 2 - Lower//Neil"},{"date":"2024-04-24","weight":175,"reps":8,"maxReps":10,"program":"Program 3","dayTitle":"Day 2 - Lower//Neil"},{"date":"2024-05-01","weight":175,"reps":6,"maxReps":12,"program":"Program 3","dayTitle":"Day 2 - Lower//Neil"},{"date":"2024-05-11","weight":85,"reps":10,"maxReps":10,"program":"Program 3","dayTitle":"Lower - Neil"},{"date":"2024-05-18","weight":130,"reps":11,"maxReps":11,"program":"Program 3","dayTitle":"Lower - Neil"},{"date":"2024-05-25","weight":105,"reps":3,"maxReps":8,"program":"Program 4","dayTitle":"Lower - Neil"},{"date":"2024-06-01","weight":145,"reps":8,"maxReps":10,"program":"Program 4","dayTitle":"Lower - Neil"},{"date":"2024-06-08","weight":130,"reps":11,"maxReps":11,"program":"Program 4","dayTitle":"Lower - Neil"},{"date":"2024-06-15","weight":135,"reps":8,"maxReps":11,"program":"Program 4","dayTitle":"Lower - Neil"},{"date":"2024-06-22","weight":120,"reps":10,"maxReps":10,"program":"Program 4","dayTitle":"Lower - Neil"},{"date":"2024-06-29","weight":130,"reps":10,"maxReps":10,"program":"Program 4","dayTitle":"Lower - Neil"},{"date":"2024-07-06","weight":130,"reps":10,"maxReps":10,"program":"Program 4","dayTitle":"Lower - Neil"},{"date":"2024-07-20","weight":145,"reps":8,"maxReps":10,"program":"Program 4","dayTitle":"Lower - Neil"},{"date":"2024-07-27","weight":100,"reps":12,"maxReps":12,"program":"Program 4","dayTitle":"Lower - Neil"},{"date":"2024-09-10","weight":50,"reps":10,"maxReps":12,"program":"Program 5","dayTitle":"Lowers"},{"date":"2024-09-17","weight":50,"reps":10,"maxReps":12,"program":"Program 5","dayTitle":"Lowers"},{"date":"2024-09-20","weight":50,"reps":3,"maxReps":10,"program":"Program 5","dayTitle":"Lower - Neil"},{"date":"2024-09-24","weight":130,"reps":10,"maxReps":12,"program":"Program 5","dayTitle":"Lowers"},{"date":"2024-09-27","weight":140,"reps":10,"maxReps":10,"program":"Program 5","dayTitle":"Lower - Neil"},{"date":"2024-10-01","weight":15,"reps":5,"maxReps":12,"program":"Program 5","dayTitle":"Lowers"},{"date":"2024-10-08","weight":140,"reps":10,"maxReps":12,"program":"Program 5","dayTitle":"Lowers"},{"date":"2024-10-15","weight":160,"reps":7,"maxReps":12,"program":"Program 5","dayTitle":"Lowers"},{"date":"2024-10-22","weight":180,"reps":6,"maxReps":12,"program":"Program 5","dayTitle":"Lowers"},{"date":"2024-10-25","weight":130,"reps":10,"maxReps":10,"program":"Program 5","dayTitle":"Lower - Neil"},{"date":"2024-10-29","weight":180,"reps":6,"maxReps":12,"program":"Program 5","dayTitle":"Lowers"},{"date":"2024-11-05","weight":180,"reps":7,"maxReps":12,"program":"Program 5","dayTitle":"Lowers"},{"date":"2024-11-13","weight":95,"reps":6,"maxReps":12,"program":"Program 5","dayTitle":"Lowers"},{"date":"2024-11-20","weight":130,"reps":10,"maxReps":12,"program":"Program 5","dayTitle":"Lowers"},{"date":"2024-11-27","weight":15,"reps":5,"maxReps":12,"program":"Program 5","dayTitle":"Lowers"},{"date":"2024-12-04","weight":61,"reps":10,"maxReps":12,"program":"Program 5","dayTitle":"Lowers"},{"date":"2024-12-06","weight":45,"reps":10,"maxReps":10,"program":"Program 5","dayTitle":"Full - Neil"},{"date":"2024-12-11","weight":140,"reps":8,"maxReps":12,"program":"Program 5","dayTitle":"Lowers"},{"date":"2024-12-13","weight":140,"reps":10,"maxReps":10,"program":"Program 5","dayTitle":"Full - Neil"},{"date":"2024-12-18","weight":80,"reps":8,"maxReps":12,"program":"Program 5","dayTitle":"Lowers"},{"date":"2024-12-25","weight":15,"reps":5,"maxReps":12,"program":"Program 5","dayTitle":"Lowers"},{"date":"2025-01-01","weight":15,"reps":5,"maxReps":12,"program":"Program 5","dayTitle":"Lowers"},{"date":"2025-01-08","weight":140,"reps":10,"maxReps":12,"program":"Program 5","dayTitle":"Lowers"},{"date":"2025-01-10","weight":120,"reps":8,"maxReps":8,"program":"Program 5","dayTitle":"Full - Neil"},{"date":"2025-01-15","weight":15,"reps":5,"maxReps":12,"program":"Program 5","dayTitle":"Lowers"},{"date":"2025-01-22","weight":150,"reps":10,"maxReps":12,"program":"Program 5","dayTitle":"Lowers"},{"date":"2025-01-29","weight":15,"reps":5,"maxReps":12,"program":"Program 5","dayTitle":"Lowers"}]},{"name":"Leg Press","sessionCount":74,"peakWeight":410,"firstWeight":90,"lastWeight":225,"entries":[{"date":"2023-04-19","weight":90,"reps":15,"maxReps":15,"program":"Program 1","dayTitle":"Day 2 - Lower//Neil"},{"date":"2023-04-26","weight":50,"reps":12,"maxReps":12,"program":"Program 1","dayTitle":"Day 2 - Lower//Neil"},{"date":"2023-05-03","weight":147,"reps":10,"maxReps":15,"program":"Program 1","dayTitle":"Day 2 - Lower//Neil"},{"date":"2023-05-10","weight":70,"reps":13,"maxReps":13,"program":"Program 1","dayTitle":"Day 2 - Lower//Neil"},{"date":"2023-05-17","weight":70,"reps":13,"maxReps":13,"program":"Program 1","dayTitle":"Day 2 - Lower//Neil"},{"date":"2023-05-24","weight":110,"reps":15,"maxReps":15,"program":"Program 1","dayTitle":"Day 2 - Lower//Neil"},{"date":"2023-05-31","weight":130,"reps":15,"maxReps":15,"program":"Program 1","dayTitle":"Day 2 - Lower//Neil"},{"date":"2023-06-07","weight":110,"reps":15,"maxReps":15,"program":"Program 1","dayTitle":"Day 2 - Lower//Neil"},{"date":"2023-06-14","weight":140,"reps":15,"maxReps":15,"program":"Program 1","dayTitle":"Day 2 - Lower//Neil"},{"date":"2023-06-21","weight":160,"reps":15,"maxReps":15,"program":"Program 1","dayTitle":"Day 2 - Lower//Neil"},{"date":"2023-07-12","weight":150,"reps":15,"maxReps":15,"program":"Program 1","dayTitle":"Day 2 - Lower//Neil"},{"date":"2023-07-19","weight":160,"reps":15,"maxReps":15,"program":"Program 1","dayTitle":"Day 2 - Lower//Neil"},{"date":"2023-07-26","weight":160,"reps":15,"maxReps":15,"program":"Program 1","dayTitle":"Day 2 - Lower//Neil"},{"date":"2023-08-02","weight":160,"reps":15,"maxReps":15,"program":"Program 1","dayTitle":"Day 2 - Lower//Neil"},{"date":"2023-08-16","weight":160,"reps":15,"maxReps":15,"program":"Program 1","dayTitle":"Day 2 - Lower//Neil"},{"date":"2023-08-23","weight":180,"reps":15,"maxReps":15,"program":"Program 1","dayTitle":"Day 2 - Lower//Neil"},{"date":"2023-08-30","weight":180,"reps":15,"maxReps":15,"program":"Program 1","dayTitle":"Day 2 - Lower//Neil"},{"date":"2023-09-06","weight":230,"reps":10,"maxReps":15,"program":"Program 2","dayTitle":"Day 2 - Lower//Neil"},{"date":"2023-09-13","weight":140,"reps":12,"maxReps":15,"program":"Program 2","dayTitle":"Day 2 - Lower//Neil"},{"date":"2023-09-27","weight":90,"reps":12,"maxReps":12,"program":"Program 2","dayTitle":"Day 2 - Lower//Neil"},{"date":"2023-10-04","weight":140,"reps":12,"maxReps":15,"program":"Program 2","dayTitle":"Day 2 - Lower//Neil"},{"date":"2023-10-11","weight":40,"reps":10,"maxReps":10,"program":"Program 2","dayTitle":"Day 2 - Lower//Neil"},{"date":"2023-10-18","weight":180,"reps":10,"maxReps":10,"program":"Program 2","dayTitle":"Day 2 - Lower//Neil"},{"date":"2023-10-25","weight":230,"reps":12,"maxReps":12,"program":"Program 2","dayTitle":"Day 2 - Lower//Neil"},{"date":"2023-11-08","weight":230,"reps":15,"maxReps":15,"program":"Program 3","dayTitle":"Day 2 - Lower//Neil"},{"date":"2023-11-15","weight":230,"reps":15,"maxReps":15,"program":"Program 3","dayTitle":"Day 2 - Lower//Neil"},{"date":"2023-11-22","weight":250,"reps":8,"maxReps":15,"program":"Program 3","dayTitle":"Day 2 - Lower//Neil"},{"date":"2023-12-06","weight":230,"reps":10,"maxReps":15,"program":"Program 3","dayTitle":"Day 2 - Lower//Neil"},{"date":"2023-12-13","weight":270,"reps":10,"maxReps":15,"program":"Program 3","dayTitle":"Day 2 - Lower//Neil"},{"date":"2024-01-03","weight":270,"reps":10,"maxReps":15,"program":"Program 3","dayTitle":"Day 2 - Lower//Neil"},{"date":"2024-01-10","weight":270,"reps":10,"maxReps":15,"program":"Program 3","dayTitle":"Day 2 - Lower//Neil"},{"date":"2024-01-17","weight":270,"reps":10,"maxReps":15,"program":"Program 3","dayTitle":"Day 2 - Lower//Neil"},{"date":"2024-01-24","weight":270,"reps":8,"maxReps":15,"program":"Program 3","dayTitle":"Day 2 - Lower//Neil"},{"date":"2024-02-07","weight":180,"reps":15,"maxReps":15,"program":"Program 3","dayTitle":"Day 2 - Lower//Neil"},{"date":"2024-02-14","weight":270,"reps":15,"maxReps":15,"program":"Program 3","dayTitle":"Day 2 - Lower//Neil"},{"date":"2024-03-06","weight":180,"reps":12,"maxReps":12,"program":"Program 3","dayTitle":"Day 2 - Lower//Neil"},{"date":"2024-03-13","weight":270,"reps":10,"maxReps":10,"program":"Program 3","dayTitle":"Day 2 - Lower//Neil"},{"date":"2024-03-20","weight":270,"reps":8,"maxReps":10,"program":"Program 3","dayTitle":"Day 2 - Lower//Neil"},{"date":"2024-03-27","weight":230,"reps":10,"maxReps":10,"program":"Program 3","dayTitle":"Day 2 - Lower//Neil"},{"date":"2024-04-03","weight":320,"reps":8,"maxReps":12,"program":"Program 3","dayTitle":"Day 2 - Lower//Neil"},{"date":"2024-04-17","weight":270,"reps":12,"maxReps":12,"program":"Program 3","dayTitle":"Day 2 - Lower//Neil"},{"date":"2024-04-24","weight":270,"reps":12,"maxReps":15,"program":"Program 3","dayTitle":"Day 2 - Lower//Neil"},{"date":"2024-05-11","weight":140,"reps":10,"maxReps":15,"program":"Program 3","dayTitle":"Lower - Neil"},{"date":"2024-05-18","weight":140,"reps":12,"maxReps":15,"program":"Program 3","dayTitle":"Lower - Neil"},{"date":"2024-05-25","weight":180,"reps":10,"maxReps":12,"program":"Program 4","dayTitle":"Lower - Neil"},{"date":"2024-06-01","weight":180,"reps":13,"maxReps":15,"program":"Program 4","dayTitle":"Lower - Neil"},{"date":"2024-06-08","weight":230,"reps":10,"maxReps":12,"program":"Program 4","dayTitle":"Lower - Neil"},{"date":"2024-06-15","weight":230,"reps":10,"maxReps":13,"program":"Program 4","dayTitle":"Lower - Neil"},{"date":"2024-06-22","weight":180,"reps":10,"maxReps":10,"program":"Program 4","dayTitle":"Lower - Neil"},{"date":"2024-06-29","weight":230,"reps":12,"maxReps":12,"program":"Program 4","dayTitle":"Lower - Neil"},{"date":"2024-07-06","weight":180,"reps":10,"maxReps":10,"program":"Program 4","dayTitle":"Lower - Neil"},{"date":"2024-07-20","weight":230,"reps":10,"maxReps":10,"program":"Program 4","dayTitle":"Lower - Neil"},{"date":"2024-07-27","weight":180,"reps":10,"maxReps":10,"program":"Program 4","dayTitle":"Lower - Neil"},{"date":"2024-09-10","weight":270,"reps":12,"maxReps":16,"program":"Program 5","dayTitle":"Lowers"},{"date":"2024-09-17","weight":270,"reps":10,"maxReps":10,"program":"Program 5","dayTitle":"Lowers"},{"date":"2024-09-20","weight":360,"reps":10,"maxReps":12,"program":"Program 5","dayTitle":"Lower - Neil"},{"date":"2024-09-24","weight":360,"reps":10,"maxReps":12,"program":"Program 5","dayTitle":"Lowers"},{"date":"2024-09-27","weight":360,"reps":8,"maxReps":10,"program":"Program 5","dayTitle":"Lower - Neil"},{"date":"2024-10-04","weight":360,"reps":9,"maxReps":12,"program":"Program 5","dayTitle":"Full - Neil"},{"date":"2024-10-08","weight":360,"reps":10,"maxReps":12,"program":"Program 5","dayTitle":"Lowers"},{"date":"2024-10-15","weight":360,"reps":10,"maxReps":10,"program":"Program 5","dayTitle":"Lowers"},{"date":"2024-10-22","weight":295,"reps":10,"maxReps":10,"program":"Program 5","dayTitle":"Lowers"},{"date":"2024-10-25","weight":270,"reps":10,"maxReps":10,"program":"Program 5","dayTitle":"Lower - Neil"},{"date":"2024-10-29","weight":410,"reps":7,"maxReps":10,"program":"Program 5","dayTitle":"Lowers"},{"date":"2024-11-01","weight":360,"reps":10,"maxReps":10,"program":"Program 5","dayTitle":"Full - Neil"},{"date":"2024-11-05","weight":360,"reps":10,"maxReps":10,"program":"Program 5","dayTitle":"Lowers"},{"date":"2024-11-13","weight":360,"reps":10,"maxReps":15,"program":"Program 5","dayTitle":"Lowers"},{"date":"2024-12-04","weight":270,"reps":8,"maxReps":8,"program":"Program 5","dayTitle":"Lowers"},{"date":"2024-12-11","weight":360,"reps":10,"maxReps":10,"program":"Program 5","dayTitle":"Lowers"},{"date":"2024-12-13","weight":195,"reps":10,"maxReps":10,"program":"Program 5","dayTitle":"Full - Neil"},{"date":"2024-12-18","weight":180,"reps":10,"maxReps":10,"program":"Program 5","dayTitle":"Lowers"},{"date":"2024-12-25","weight":135,"reps":10,"maxReps":10,"program":"Program 5","dayTitle":"Lowers"},{"date":"2025-01-08","weight":25,"reps":10,"maxReps":10,"program":"Program 5","dayTitle":"Lowers"},{"date":"2025-01-10","weight":225,"reps":10,"maxReps":10,"program":"Program 5","dayTitle":"Full - Neil"}]},{"name":"Standing Calf Raise","sessionCount":59,"peakWeight":200,"firstWeight":45,"lastWeight":100,"entries":[{"date":"2023-04-19","weight":45,"reps":10,"maxReps":10,"program":"Program 1","dayTitle":"Day 2 - Lower//Neil"},{"date":"2023-04-26","weight":45,"reps":10,"maxReps":10,"program":"Program 1","dayTitle":"Day 2 - Lower//Neil"},{"date":"2023-05-03","weight":45,"reps":10,"maxReps":10,"program":"Program 1","dayTitle":"Day 2 - Lower//Neil"},{"date":"2023-05-10","weight":45,"reps":12,"maxReps":12,"program":"Program 1","dayTitle":"Day 2 - Lower//Neil"},{"date":"2023-05-17","weight":45,"reps":12,"maxReps":12,"program":"Program 1","dayTitle":"Day 2 - Lower//Neil"},{"date":"2023-05-24","weight":45,"reps":10,"maxReps":10,"program":"Program 1","dayTitle":"Day 2 - Lower//Neil"},{"date":"2023-05-31","weight":45,"reps":10,"maxReps":10,"program":"Program 1","dayTitle":"Day 2 - Lower//Neil"},{"date":"2023-06-07","weight":45,"reps":10,"maxReps":10,"program":"Program 1","dayTitle":"Day 2 - Lower//Neil"},{"date":"2023-06-14","weight":65,"reps":8,"maxReps":8,"program":"Program 1","dayTitle":"Day 2 - Lower//Neil"},{"date":"2023-06-21","weight":65,"reps":10,"maxReps":10,"program":"Program 1","dayTitle":"Day 2 - Lower//Neil"},{"date":"2023-07-12","weight":65,"reps":7,"maxReps":10,"program":"Program 1","dayTitle":"Day 2 - Lower//Neil"},{"date":"2023-07-19","weight":70,"reps":3,"maxReps":3,"program":"Program 1","dayTitle":"Day 2 - Lower//Neil"},{"date":"2023-07-26","weight":45,"reps":10,"maxReps":10,"program":"Program 1","dayTitle":"Day 2 - Lower//Neil"},{"date":"2023-08-02","weight":45,"reps":10,"maxReps":10,"program":"Program 1","dayTitle":"Day 2 - Lower//Neil"},{"date":"2023-08-09","weight":40,"reps":10,"maxReps":10,"program":"Program 1","dayTitle":"Day 2 - Lower//Neil"},{"date":"2023-08-16","weight":90,"reps":15,"maxReps":15,"program":"Program 1","dayTitle":"Day 2 - Lower//Neil"},{"date":"2023-08-23","weight":50,"reps":12,"maxReps":12,"program":"Program 1","dayTitle":"Day 2 - Lower//Neil"},{"date":"2023-08-30","weight":45,"reps":10,"maxReps":10,"program":"Program 1","dayTitle":"Day 2 - Lower//Neil"},{"date":"2023-09-06","weight":90,"reps":12,"maxReps":12,"program":"Program 2","dayTitle":"Day 2 - Lower//Neil"},{"date":"2023-09-13","weight":140,"reps":10,"maxReps":10,"program":"Program 2","dayTitle":"Day 2 - Lower//Neil"},{"date":"2023-09-27","weight":90,"reps":12,"maxReps":12,"program":"Program 2","dayTitle":"Day 2 - Lower//Neil"},{"date":"2023-10-04","weight":140,"reps":10,"maxReps":10,"program":"Program 2","dayTitle":"Day 2 - Lower//Neil"},{"date":"2023-10-11","weight":115,"reps":10,"maxReps":10,"program":"Program 2","dayTitle":"Day 2 - Lower//Neil"},{"date":"2023-10-18","weight":45,"reps":10,"maxReps":10,"program":"Program 2","dayTitle":"Day 2 - Lower//Neil"},{"date":"2023-10-25","weight":90,"reps":6,"maxReps":6,"program":"Program 2","dayTitle":"Day 2 - Lower//Neil"},{"date":"2023-11-08","weight":80,"reps":9,"maxReps":10,"program":"Program 3","dayTitle":"Day 2 - Lower//Neil"},{"date":"2023-11-15","weight":70,"reps":10,"maxReps":12,"program":"Program 3","dayTitle":"Day 2 - Lower//Neil"},{"date":"2023-11-22","weight":70,"reps":7,"maxReps":7,"program":"Program 3","dayTitle":"Day 2 - Lower//Neil"},{"date":"2023-12-06","weight":40,"reps":15,"maxReps":15,"program":"Program 3","dayTitle":"Day 2 - Lower//Neil"},{"date":"2023-12-13","weight":130,"reps":10,"maxReps":10,"program":"Program 3","dayTitle":"Day 2 - Lower//Neil"},{"date":"2023-12-20","weight":145,"reps":10,"maxReps":10,"program":"Program 3","dayTitle":"Day 2 - Lower//Neil"},{"date":"2023-12-27","weight":150,"reps":12,"maxReps":12,"program":"Program 3","dayTitle":"Day 2 - Lower//Neil"},{"date":"2024-01-03","weight":70,"reps":8,"maxReps":10,"program":"Program 3","dayTitle":"Day 2 - Lower//Neil"},{"date":"2024-01-10","weight":80,"reps":8,"maxReps":10,"program":"Program 3","dayTitle":"Day 2 - Lower//Neil"},{"date":"2024-01-17","weight":80,"reps":10,"maxReps":10,"program":"Program 3","dayTitle":"Day 2 - Lower//Neil"},{"date":"2024-01-24","weight":90,"reps":6,"maxReps":8,"program":"Program 3","dayTitle":"Day 2 - Lower//Neil"},{"date":"2024-02-07","weight":85,"reps":8,"maxReps":8,"program":"Program 3","dayTitle":"Day 2 - Lower//Neil"},{"date":"2024-02-14","weight":90,"reps":10,"maxReps":10,"program":"Program 3","dayTitle":"Day 2 - Lower//Neil"},{"date":"2024-03-06","weight":90,"reps":8,"maxReps":10,"program":"Program 3","dayTitle":"Day 2 - Lower//Neil"},{"date":"2024-03-13","weight":90,"reps":8,"maxReps":8,"program":"Program 3","dayTitle":"Day 2 - Lower//Neil"},{"date":"2024-03-20","weight":90,"reps":6,"maxReps":6,"program":"Program 3","dayTitle":"Day 2 - Lower//Neil"},{"date":"2024-03-27","weight":90,"reps":8,"maxReps":10,"program":"Program 3","dayTitle":"Day 2 - Lower//Neil"},{"date":"2024-04-03","weight":90,"reps":8,"maxReps":8,"program":"Program 3","dayTitle":"Day 2 - Lower//Neil"},{"date":"2024-04-17","weight":200,"reps":10,"maxReps":10,"program":"Program 3","dayTitle":"Day 2 - Lower//Neil"},{"date":"2024-04-24","weight":90,"reps":7,"maxReps":7,"program":"Program 3","dayTitle":"Day 2 - Lower//Neil"},{"date":"2024-05-01","weight":90,"reps":8,"maxReps":8,"program":"Program 3","dayTitle":"Day 2 - Lower//Neil"},{"date":"2024-05-11","weight":80,"reps":9,"maxReps":9,"program":"Program 3","dayTitle":"Lower - Neil"},{"date":"2024-05-18","weight":80,"reps":10,"maxReps":10,"program":"Program 3","dayTitle":"Lower - Neil"},{"date":"2024-05-25","weight":45,"reps":15,"maxReps":15,"program":"Program 4","dayTitle":"Lower - Neil"},{"date":"2024-06-08","weight":80,"reps":10,"maxReps":10,"program":"Program 4","dayTitle":"Lower - Neil"},{"date":"2024-06-15","weight":90,"reps":10,"maxReps":10,"program":"Program 4","dayTitle":"Lower - Neil"},{"date":"2024-06-29","weight":90,"reps":10,"maxReps":10,"program":"Program 4","dayTitle":"Lower - Neil"},{"date":"2024-07-06","weight":90,"reps":10,"maxReps":10,"program":"Program 4","dayTitle":"Lower - Neil"},{"date":"2024-07-20","weight":90,"reps":10,"maxReps":10,"program":"Program 4","dayTitle":"Lower - Neil"},{"date":"2024-09-20","weight":70,"reps":10,"maxReps":10,"program":"Program 5","dayTitle":"Lower - Neil"},{"date":"2024-09-27","weight":90,"reps":10,"maxReps":10,"program":"Program 5","dayTitle":"Lower - Neil"},{"date":"2024-10-04","weight":140,"reps":10,"maxReps":10,"program":"Program 5","dayTitle":"Full - Neil"},{"date":"2024-12-06","weight":90,"reps":10,"maxReps":10,"program":"Program 5","dayTitle":"Full - Neil"},{"date":"2025-01-10","weight":100,"reps":10,"maxReps":10,"program":"Program 5","dayTitle":"Full - Neil"}]},{"name":"Lying Leg Curl","sessionCount":55,"peakWeight":110,"firstWeight":50,"lastWeight":88,"entries":[{"date":"2023-04-21","weight":50,"reps":15,"maxReps":15,"program":"Program 1","dayTitle":"Full Body//Neil"},{"date":"2023-04-28","weight":65,"reps":10,"maxReps":15,"program":"Program 1","dayTitle":"Full Body//Neil"},{"date":"2023-05-05","weight":65,"reps":15,"maxReps":15,"program":"Program 1","dayTitle":"Full Body//Neil"},{"date":"2023-05-12","weight":70,"reps":10,"maxReps":12,"program":"Program 1","dayTitle":"Full Body//Neil"},{"date":"2023-05-19","weight":80,"reps":8,"maxReps":12,"program":"Program 1","dayTitle":"Full Body//Neil"},{"date":"2023-05-26","weight":80,"reps":10,"maxReps":10,"program":"Program 1","dayTitle":"Full Body//Neil"},{"date":"2023-06-02","weight":80,"reps":10,"maxReps":15,"program":"Program 1","dayTitle":"Full Body//Neil"},{"date":"2023-06-09","weight":65,"reps":12,"maxReps":12,"program":"Program 1","dayTitle":"Full Body//Neil"},{"date":"2023-06-16","weight":80,"reps":10,"maxReps":10,"program":"Program 1","dayTitle":"Full Body//Neil"},{"date":"2023-06-23","weight":85,"reps":6,"maxReps":10,"program":"Program 1","dayTitle":"Full Body//Neil"},{"date":"2023-07-14","weight":80,"reps":10,"maxReps":10,"program":"Program 1","dayTitle":"Full Body//Neil"},{"date":"2023-07-28","weight":95,"reps":8,"maxReps":10,"program":"Program 1","dayTitle":"Full Body//Neil"},{"date":"2023-08-04","weight":95,"reps":8,"maxReps":8,"program":"Program 1","dayTitle":"Full Body//Neil"},{"date":"2023-08-18","weight":95,"reps":10,"maxReps":10,"program":"Program 1","dayTitle":"Full Body//Neil"},{"date":"2023-09-01","weight":110,"reps":8,"maxReps":8,"program":"Program 2","dayTitle":"Full Body//Neil"},{"date":"2023-09-08","weight":110,"reps":8,"maxReps":9,"program":"Program 2","dayTitle":"Full Body//Neil"},{"date":"2023-09-29","weight":110,"reps":7,"maxReps":8,"program":"Program 2","dayTitle":"Full Body//Neil"},{"date":"2023-10-04","weight":40,"reps":15,"maxReps":15,"program":"Program 2","dayTitle":"Day 2 - Lower//Neil"},{"date":"2023-10-11","weight":95,"reps":10,"maxReps":12,"program":"Program 2","dayTitle":"Day 2 - Lower//Neil"},{"date":"2023-10-18","weight":100,"reps":8,"maxReps":10,"program":"Program 2","dayTitle":"Day 2 - Lower//Neil"},{"date":"2023-10-25","weight":100,"reps":8,"maxReps":8,"program":"Program 2","dayTitle":"Day 2 - Lower//Neil"},{"date":"2023-11-15","weight":90,"reps":12,"maxReps":12,"program":"Program 3","dayTitle":"Day 2 - Lower//Neil"},{"date":"2023-11-22","weight":80,"reps":8,"maxReps":8,"program":"Program 3","dayTitle":"Day 2 - Lower//Neil"},{"date":"2023-12-06","weight":95,"reps":10,"maxReps":10,"program":"Program 3","dayTitle":"Day 2 - Lower//Neil"},{"date":"2023-12-13","weight":88,"reps":10,"maxReps":10,"program":"Program 3","dayTitle":"Day 2 - Lower//Neil"},{"date":"2023-12-20","weight":98,"reps":6,"maxReps":10,"program":"Program 3","dayTitle":"Day 2 - Lower//Neil"},{"date":"2023-12-27","weight":88,"reps":10,"maxReps":10,"program":"Program 3","dayTitle":"Day 2 - Lower//Neil"},{"date":"2024-01-03","weight":88,"reps":12,"maxReps":12,"program":"Program 3","dayTitle":"Day 2 - Lower//Neil"},{"date":"2024-01-10","weight":108,"reps":6,"maxReps":10,"program":"Program 3","dayTitle":"Day 2 - Lower//Neil"},{"date":"2024-01-17","weight":108,"reps":6,"maxReps":9,"program":"Program 3","dayTitle":"Day 2 - Lower//Neil"},{"date":"2024-01-24","weight":108,"reps":7,"maxReps":7,"program":"Program 3","dayTitle":"Day 2 - Lower//Neil"},{"date":"2024-02-07","weight":108,"reps":8,"maxReps":8,"program":"Program 3","dayTitle":"Day 2 - Lower//Neil"},{"date":"2024-03-06","weight":100,"reps":8,"maxReps":10,"program":"Program 3","dayTitle":"Day 2 - Lower//Neil"},{"date":"2024-03-13","weight":100,"reps":6,"maxReps":10,"program":"Program 3","dayTitle":"Day 2 - Lower//Neil"},{"date":"2024-03-20","weight":52,"reps":12,"maxReps":12,"program":"Program 3","dayTitle":"Day 2 - Lower//Neil"},{"date":"2024-03-27","weight":52,"reps":11,"maxReps":11,"program":"Program 3","dayTitle":"Day 2 - Lower//Neil"},{"date":"2024-04-03","weight":95,"reps":7,"maxReps":12,"program":"Program 3","dayTitle":"Day 2 - Lower//Neil"},{"date":"2024-04-17","weight":95,"reps":8,"maxReps":15,"program":"Program 3","dayTitle":"Day 2 - Lower//Neil"},{"date":"2024-04-24","weight":105,"reps":6,"maxReps":12,"program":"Program 3","dayTitle":"Day 2 - Lower//Neil"},{"date":"2024-05-01","weight":110,"reps":5,"maxReps":10,"program":"Program 3","dayTitle":"Day 2 - Lower//Neil"},{"date":"2024-05-11","weight":80,"reps":12,"maxReps":12,"program":"Program 3","dayTitle":"Lower - Neil"},{"date":"2024-05-18","weight":80,"reps":15,"maxReps":15,"program":"Program 3","dayTitle":"Lower - Neil"},{"date":"2024-05-25","weight":80,"reps":14,"maxReps":14,"program":"Program 4","dayTitle":"Lower - Neil"},{"date":"2024-06-01","weight":80,"reps":12,"maxReps":12,"program":"Program 4","dayTitle":"Lower - Neil"},{"date":"2024-06-08","weight":80,"reps":12,"maxReps":12,"program":"Program 4","dayTitle":"Lower - Neil"},{"date":"2024-06-15","weight":85,"reps":12,"maxReps":12,"program":"Program 4","dayTitle":"Lower - Neil"},{"date":"2024-06-22","weight":80,"reps":12,"maxReps":12,"program":"Program 4","dayTitle":"Lower - Neil"},{"date":"2024-06-29","weight":90,"reps":10,"maxReps":10,"program":"Program 4","dayTitle":"Lower - Neil"},{"date":"2024-07-06","weight":90,"reps":10,"maxReps":10,"program":"Program 4","dayTitle":"Lower - Neil"},{"date":"2024-07-20","weight":95,"reps":8,"maxReps":8,"program":"Program 4","dayTitle":"Lower - Neil"},{"date":"2024-07-27","weight":80,"reps":15,"maxReps":15,"program":"Program 4","dayTitle":"Lower - Neil"},{"date":"2024-09-20","weight":60,"reps":10,"maxReps":12,"program":"Program 5","dayTitle":"Lower - Neil"},{"date":"2024-09-27","weight":88,"reps":10,"maxReps":12,"program":"Program 5","dayTitle":"Lower - Neil"},{"date":"2024-10-04","weight":88,"reps":10,"maxReps":10,"program":"Program 5","dayTitle":"Full - Neil"},{"date":"2024-10-25","weight":88,"reps":12,"maxReps":15,"program":"Program 5","dayTitle":"Lower - Neil"}]},{"name":"Pec Dec","sessionCount":53,"peakWeight":190,"firstWeight":130,"lastWeight":170,"entries":[{"date":"2023-04-17","weight":130,"reps":10,"maxReps":10,"program":"Program 1","dayTitle":"Day 1 - Upper//Neil"},{"date":"2023-04-24","weight":115,"reps":2,"maxReps":2,"program":"Program 1","dayTitle":"Day 1 - Upper//Neil"},{"date":"2023-05-01","weight":115,"reps":10,"maxReps":10,"program":"Program 1","dayTitle":"Day 1 - Upper//Neil"},{"date":"2023-05-08","weight":120,"reps":9,"maxReps":9,"program":"Program 1","dayTitle":"Day 1 - Upper//Neil"},{"date":"2023-05-15","weight":120,"reps":8,"maxReps":8,"program":"Program 1","dayTitle":"Day 1 - Upper//Neil"},{"date":"2023-05-22","weight":125,"reps":9,"maxReps":10,"program":"Program 1","dayTitle":"Day 1 - Upper//Neil"},{"date":"2023-05-29","weight":130,"reps":8,"maxReps":8,"program":"Program 1","dayTitle":"Day 1 - Upper//Neil"},{"date":"2023-06-05","weight":130,"reps":10,"maxReps":10,"program":"Program 1","dayTitle":"Day 1 - Upper//Neil"},{"date":"2023-06-12","weight":145,"reps":7,"maxReps":10,"program":"Program 1","dayTitle":"Day 1 - Upper//Neil"},{"date":"2023-06-19","weight":145,"reps":10,"maxReps":10,"program":"Program 1","dayTitle":"Day 1 - Upper//Neil"},{"date":"2023-07-17","weight":145,"reps":10,"maxReps":10,"program":"Program 1","dayTitle":"Day 1 - Upper//Neil"},{"date":"2023-07-24","weight":155,"reps":6,"maxReps":10,"program":"Program 1","dayTitle":"Day 1 - Upper//Neil"},{"date":"2023-07-31","weight":155,"reps":10,"maxReps":10,"program":"Program 1","dayTitle":"Day 1 - Upper//Neil"},{"date":"2023-08-07","weight":30,"reps":10,"maxReps":10,"program":"Program 1","dayTitle":"Day 1 - Upper//Neil"},{"date":"2023-08-14","weight":155,"reps":10,"maxReps":10,"program":"Program 1","dayTitle":"Day 1 - Upper//Neil"},{"date":"2023-08-21","weight":160,"reps":7,"maxReps":10,"program":"Program 1","dayTitle":"Day 1 - Upper//Neil"},{"date":"2023-08-28","weight":155,"reps":10,"maxReps":10,"program":"Program 1","dayTitle":"Day 1 - Upper//Neil"},{"date":"2023-09-04","weight":155,"reps":10,"maxReps":10,"program":"Program 2","dayTitle":"Day 1 - Upper//Neil"},{"date":"2023-09-11","weight":155,"reps":10,"maxReps":10,"program":"Program 2","dayTitle":"Day 1 - Upper//Neil"},{"date":"2023-09-25","weight":155,"reps":6,"maxReps":6,"program":"Program 2","dayTitle":"Day 1 - Upper//Neil"},{"date":"2023-10-02","weight":155,"reps":10,"maxReps":10,"program":"Program 2","dayTitle":"Day 1 - Upper//Neil"},{"date":"2023-10-09","weight":155,"reps":8,"maxReps":8,"program":"Program 2","dayTitle":"Day 1 - Upper//Neil"},{"date":"2023-10-16","weight":160,"reps":10,"maxReps":10,"program":"Program 2","dayTitle":"Day 1 - Upper//Neil"},{"date":"2023-10-23","weight":165,"reps":7,"maxReps":10,"program":"Program 2","dayTitle":"Day 1 - Upper//Neil"},{"date":"2023-10-30","weight":170,"reps":7,"maxReps":10,"program":"Program 3","dayTitle":"Day 1 - Upper//Neil"},{"date":"2023-11-06","weight":170,"reps":6,"maxReps":10,"program":"Program 3","dayTitle":"Day 1 - Upper//Neil"},{"date":"2023-11-13","weight":100,"reps":15,"maxReps":15,"program":"Program 3","dayTitle":"Day 1 - Upper//Neil"},{"date":"2023-11-20","weight":160,"reps":8,"maxReps":8,"program":"Program 3","dayTitle":"Day 1 - Upper//Neil"},{"date":"2023-11-27","weight":160,"reps":10,"maxReps":10,"program":"Program 3","dayTitle":"Day 1 - Upper//Neil"},{"date":"2023-12-04","weight":160,"reps":10,"maxReps":10,"program":"Program 3","dayTitle":"Day 1 - Upper//Neil"},{"date":"2023-12-11","weight":190,"reps":7,"maxReps":10,"program":"Program 3","dayTitle":"Day 1 - Upper//Neil"},{"date":"2023-12-18","weight":160,"reps":10,"maxReps":10,"program":"Program 3","dayTitle":"Day 1 - Upper//Neil"},{"date":"2023-12-25","weight":170,"reps":10,"maxReps":10,"program":"Program 3","dayTitle":"Day 1 - Upper//Neil"},{"date":"2024-01-08","weight":60,"reps":10,"maxReps":10,"program":"Program 3","dayTitle":"Day 1 - Upper//Neil"},{"date":"2024-01-15","weight":65,"reps":4,"maxReps":10,"program":"Program 3","dayTitle":"Day 1 - Upper//Neil"},{"date":"2024-01-22","weight":45,"reps":8,"maxReps":8,"program":"Program 3","dayTitle":"Day 1 - Upper//Neil"},{"date":"2024-02-05","weight":65,"reps":6,"maxReps":10,"program":"Program 3","dayTitle":"Day 1 - Upper//Neil"},{"date":"2024-02-12","weight":45,"reps":10,"maxReps":10,"program":"Program 3","dayTitle":"Day 1 - Upper//Neil"},{"date":"2024-03-04","weight":175,"reps":8,"maxReps":8,"program":"Program 3","dayTitle":"Day 1 - Upper//Neil"},{"date":"2024-03-25","weight":175,"reps":8,"maxReps":10,"program":"Program 3","dayTitle":"Day 1 - Upper//Neil"},{"date":"2024-04-01","weight":175,"reps":8,"maxReps":8,"program":"Program 3","dayTitle":"Day 1 - Upper//Neil"},{"date":"2024-04-08","weight":165,"reps":8,"maxReps":8,"program":"Program 3","dayTitle":"Day 1 - Upper//Neil"},{"date":"2024-04-22","weight":180,"reps":6,"maxReps":8,"program":"Program 3","dayTitle":"Day 1 - Upper//Neil"},{"date":"2024-05-13","weight":165,"reps":8,"maxReps":12,"program":"Program 3","dayTitle":"Push - Neil"},{"date":"2024-06-03","weight":115,"reps":12,"maxReps":12,"program":"Program 4","dayTitle":"Push - Neil"},{"date":"2024-06-10","weight":115,"reps":12,"maxReps":12,"program":"Program 4","dayTitle":"Push - Neil"},{"date":"2024-06-17","weight":130,"reps":7,"maxReps":12,"program":"Program 4","dayTitle":"Push - Neil"},{"date":"2024-06-24","weight":130,"reps":12,"maxReps":15,"program":"Program 4","dayTitle":"Push - Neil"},{"date":"2024-07-01","weight":145,"reps":12,"maxReps":12,"program":"Program 4","dayTitle":"Push - Neil"},{"date":"2024-07-08","weight":150,"reps":10,"maxReps":10,"program":"Program 4","dayTitle":"Push - Neil"},{"date":"2024-07-15","weight":150,"reps":10,"maxReps":10,"program":"Program 4","dayTitle":"Push - Neil"},{"date":"2024-07-22","weight":150,"reps":10,"maxReps":10,"program":"Program 4","dayTitle":"Push - Neil"},{"date":"2024-08-05","weight":170,"reps":10,"maxReps":10,"program":"Program 4","dayTitle":"Push - Neil"}]},{"name":"Tricep Pushdowns","sessionCount":52,"peakWeight":125,"firstWeight":50,"lastWeight":90,"entries":[{"date":"2023-10-02","weight":50,"reps":8,"maxReps":8,"program":"Program 2","dayTitle":"Day 1 - Upper//Neil"},{"date":"2023-10-09","weight":40,"reps":8,"maxReps":8,"program":"Program 2","dayTitle":"Day 1 - Upper//Neil"},{"date":"2023-10-16","weight":50,"reps":8,"maxReps":8,"program":"Program 2","dayTitle":"Day 1 - Upper//Neil"},{"date":"2023-10-23","weight":50,"reps":10,"maxReps":10,"program":"Program 2","dayTitle":"Day 1 - Upper//Neil"},{"date":"2023-10-30","weight":50,"reps":10,"maxReps":10,"program":"Program 3","dayTitle":"Day 1 - Upper//Neil"},{"date":"2023-11-06","weight":55,"reps":6,"maxReps":10,"program":"Program 3","dayTitle":"Day 1 - Upper//Neil"},{"date":"2023-11-13","weight":30,"reps":15,"maxReps":15,"program":"Program 3","dayTitle":"Day 1 - Upper//Neil"},{"date":"2023-11-20","weight":50,"reps":9,"maxReps":10,"program":"Program 3","dayTitle":"Day 1 - Upper//Neil"},{"date":"2023-11-27","weight":50,"reps":10,"maxReps":10,"program":"Program 3","dayTitle":"Day 1 - Upper//Neil"},{"date":"2023-12-04","weight":50,"reps":10,"maxReps":10,"program":"Program 3","dayTitle":"Day 1 - Upper//Neil"},{"date":"2023-12-11","weight":50,"reps":10,"maxReps":10,"program":"Program 3","dayTitle":"Day 1 - Upper//Neil"},{"date":"2023-12-18","weight":60,"reps":5,"maxReps":10,"program":"Program 3","dayTitle":"Day 1 - Upper//Neil"},{"date":"2023-12-25","weight":55,"reps":8,"maxReps":8,"program":"Program 3","dayTitle":"Day 1 - Upper//Neil"},{"date":"2024-01-08","weight":55,"reps":8,"maxReps":8,"program":"Program 3","dayTitle":"Day 1 - Upper//Neil"},{"date":"2024-01-15","weight":100,"reps":7,"maxReps":10,"program":"Program 3","dayTitle":"Day 1 - Upper//Neil"},{"date":"2024-01-22","weight":110,"reps":8,"maxReps":8,"program":"Program 3","dayTitle":"Day 1 - Upper//Neil"},{"date":"2024-02-05","weight":110,"reps":8,"maxReps":8,"program":"Program 3","dayTitle":"Day 1 - Upper//Neil"},{"date":"2024-02-12","weight":120,"reps":6,"maxReps":10,"program":"Program 3","dayTitle":"Day 1 - Upper//Neil"},{"date":"2024-03-04","weight":60,"reps":7,"maxReps":7,"program":"Program 3","dayTitle":"Day 1 - Upper//Neil"},{"date":"2024-03-11","weight":62.5,"reps":8,"maxReps":8,"program":"Program 3","dayTitle":"Day 1 - Upper//Neil"},{"date":"2024-03-25","weight":57.5,"reps":8,"maxReps":8,"program":"Program 3","dayTitle":"Day 1 - Upper//Neil"},{"date":"2024-04-01","weight":57.5,"reps":8,"maxReps":10,"program":"Program 3","dayTitle":"Day 1 - Upper//Neil"},{"date":"2024-04-08","weight":57.5,"reps":6,"maxReps":10,"program":"Program 3","dayTitle":"Day 1 - Upper//Neil"},{"date":"2024-04-15","weight":50,"reps":10,"maxReps":10,"program":"Program 3","dayTitle":"Day 1 - Upper//Neil"},{"date":"2024-04-22","weight":125,"reps":4,"maxReps":10,"program":"Program 3","dayTitle":"Day 1 - Upper//Neil"},{"date":"2024-04-29","weight":125,"reps":6,"maxReps":8,"program":"Program 3","dayTitle":"Day 1 - Upper//Neil"},{"date":"2024-05-06","weight":115,"reps":8,"maxReps":8,"program":"Program 3","dayTitle":"Push - Neil"},{"date":"2024-05-13","weight":80,"reps":12,"maxReps":12,"program":"Program 3","dayTitle":"Push - Neil"},{"date":"2024-05-17","weight":85,"reps":15,"maxReps":15,"program":"Program 3","dayTitle":"Upper/Arms - Neil"},{"date":"2024-05-20","weight":85,"reps":15,"maxReps":15,"program":"Program 4","dayTitle":"Push - Neil"},{"date":"2024-05-24","weight":75,"reps":15,"maxReps":15,"program":"Program 4","dayTitle":"Upper/Arms - Neil"},{"date":"2024-05-27","weight":95,"reps":15,"maxReps":15,"program":"Program 4","dayTitle":"Push - Neil"},{"date":"2024-05-31","weight":95,"reps":12,"maxReps":15,"program":"Program 4","dayTitle":"Upper/Arms - Neil"},{"date":"2024-06-03","weight":95,"reps":9,"maxReps":9,"program":"Program 4","dayTitle":"Push - Neil"},{"date":"2024-06-07","weight":85,"reps":16,"maxReps":16,"program":"Program 4","dayTitle":"Upper/Arms - Neil"},{"date":"2024-06-10","weight":85,"reps":12,"maxReps":12,"program":"Program 4","dayTitle":"Push - Neil"},{"date":"2024-06-14","weight":100,"reps":15,"maxReps":15,"program":"Program 4","dayTitle":"Upper/Arms - Neil"},{"date":"2024-06-17","weight":100,"reps":12,"maxReps":12,"program":"Program 4","dayTitle":"Push - Neil"},{"date":"2024-06-21","weight":100,"reps":15,"maxReps":15,"program":"Program 4","dayTitle":"Upper/Arms - Neil"},{"date":"2024-06-24","weight":50,"reps":8,"maxReps":10,"program":"Program 4","dayTitle":"Push - Neil"},{"date":"2024-06-28","weight":50,"reps":15,"maxReps":15,"program":"Program 4","dayTitle":"Upper/Arms - Neil"},{"date":"2024-07-01","weight":57.5,"reps":8,"maxReps":8,"program":"Program 4","dayTitle":"Push - Neil"},{"date":"2024-07-05","weight":50,"reps":15,"maxReps":15,"program":"Program 4","dayTitle":"Upper/Arms - Neil"},{"date":"2024-07-08","weight":50,"reps":12,"maxReps":12,"program":"Program 4","dayTitle":"Push - Neil"},{"date":"2024-07-12","weight":50,"reps":12,"maxReps":12,"program":"Program 4","dayTitle":"Upper/Arms - Neil"},{"date":"2024-07-15","weight":50,"reps":10,"maxReps":10,"program":"Program 4","dayTitle":"Push - Neil"},{"date":"2024-07-19","weight":115,"reps":8,"maxReps":10,"program":"Program 4","dayTitle":"Upper/Arms - Neil"},{"date":"2024-07-22","weight":57.5,"reps":10,"maxReps":10,"program":"Program 4","dayTitle":"Push - Neil"},{"date":"2024-07-26","weight":50,"reps":12,"maxReps":12,"program":"Program 4","dayTitle":"Upper/Arms - Neil"},{"date":"2024-08-05","weight":90,"reps":8,"maxReps":10,"program":"Program 4","dayTitle":"Push - Neil"},{"date":"2024-09-02","weight":90,"reps":12,"maxReps":15,"program":"Program 5","dayTitle":"Push - Neil"},{"date":"2024-09-06","weight":90,"reps":12,"maxReps":15,"program":"Program 5","dayTitle":"Upper/Arms - Neil"}]},{"name":"Machine Chest Press","sessionCount":44,"peakWeight":180,"firstWeight":90,"lastWeight":110,"entries":[{"date":"2023-04-21","weight":90,"reps":10,"maxReps":10,"program":"Program 1","dayTitle":"Full Body//Neil"},{"date":"2023-04-28","weight":8,"reps":1,"maxReps":1,"program":"Program 1","dayTitle":"Full Body//Neil"},{"date":"2023-05-05","weight":120,"reps":7,"maxReps":12,"program":"Program 1","dayTitle":"Full Body//Neil"},{"date":"2023-05-12","weight":120,"reps":10,"maxReps":11,"program":"Program 1","dayTitle":"Full Body//Neil"},{"date":"2023-05-19","weight":130,"reps":10,"maxReps":10,"program":"Program 1","dayTitle":"Full Body//Neil"},{"date":"2023-05-26","weight":130,"reps":10,"maxReps":10,"program":"Program 1","dayTitle":"Full Body//Neil"},{"date":"2023-06-02","weight":130,"reps":10,"maxReps":10,"program":"Program 1","dayTitle":"Full Body//Neil"},{"date":"2023-06-09","weight":130,"reps":10,"maxReps":10,"program":"Program 1","dayTitle":"Full Body//Neil"},{"date":"2023-06-16","weight":180,"reps":6,"maxReps":10,"program":"Program 1","dayTitle":"Full Body//Neil"},{"date":"2023-06-23","weight":180,"reps":10,"maxReps":10,"program":"Program 1","dayTitle":"Full Body//Neil"},{"date":"2023-06-30","weight":90,"reps":6,"maxReps":10,"program":"Program 1","dayTitle":"Full Body//Neil"},{"date":"2023-07-14","weight":160,"reps":5,"maxReps":5,"program":"Program 1","dayTitle":"Full Body//Neil"},{"date":"2023-07-21","weight":160,"reps":6,"maxReps":10,"program":"Program 1","dayTitle":"Full Body//Neil"},{"date":"2023-07-28","weight":140,"reps":10,"maxReps":10,"program":"Program 1","dayTitle":"Full Body//Neil"},{"date":"2023-08-04","weight":140,"reps":10,"maxReps":10,"program":"Program 1","dayTitle":"Full Body//Neil"},{"date":"2023-08-11","weight":140,"reps":10,"maxReps":10,"program":"Program 1","dayTitle":"Full Body//Neil"},{"date":"2023-08-18","weight":140,"reps":10,"maxReps":10,"program":"Program 1","dayTitle":"Full Body//Neil"},{"date":"2023-08-25","weight":110,"reps":10,"maxReps":10,"program":"Program 1","dayTitle":"Full Body//Neil"},{"date":"2023-09-01","weight":130,"reps":10,"maxReps":10,"program":"Program 2","dayTitle":"Full Body//Neil"},{"date":"2023-09-08","weight":110,"reps":10,"maxReps":10,"program":"Program 2","dayTitle":"Full Body//Neil"},{"date":"2023-09-29","weight":130,"reps":10,"maxReps":10,"program":"Program 2","dayTitle":"Full Body//Neil"},{"date":"2023-10-06","weight":120,"reps":10,"maxReps":10,"program":"Program 2","dayTitle":"Full Body//Neil"},{"date":"2023-10-13","weight":140,"reps":10,"maxReps":10,"program":"Program 2","dayTitle":"Full Body//Neil"},{"date":"2023-10-20","weight":140,"reps":10,"maxReps":10,"program":"Program 2","dayTitle":"Full Body//Neil"},{"date":"2023-10-27","weight":165,"reps":10,"maxReps":10,"program":"Program 2","dayTitle":"Full Body//Neil"},{"date":"2023-11-03","weight":55,"reps":9,"maxReps":9,"program":"Program 3","dayTitle":"Full Body//Neil"},{"date":"2023-11-10","weight":140,"reps":8,"maxReps":8,"program":"Program 3","dayTitle":"Full Body//Neil"},{"date":"2023-11-17","weight":150,"reps":7,"maxReps":10,"program":"Program 3","dayTitle":"Full Body//Neil"},{"date":"2023-11-24","weight":140,"reps":10,"maxReps":10,"program":"Program 3","dayTitle":"Full Body//Neil"},{"date":"2023-12-01","weight":26,"reps":8,"maxReps":8,"program":"Program 3","dayTitle":"Full Body//Neil"},{"date":"2023-12-08","weight":150,"reps":7,"maxReps":7,"program":"Program 3","dayTitle":"Full Body//Neil"},{"date":"2023-12-15","weight":110,"reps":8,"maxReps":10,"program":"Program 3","dayTitle":"Full Body//Neil"},{"date":"2023-12-22","weight":110,"reps":10,"maxReps":10,"program":"Program 3","dayTitle":"Full Body//Neil"},{"date":"2024-09-12","weight":105,"reps":4,"maxReps":10,"program":"Program 5","dayTitle":"Uppers 2 - Neil"},{"date":"2024-09-19","weight":100,"reps":6,"maxReps":10,"program":"Program 5","dayTitle":"Uppers 2 - Neil"},{"date":"2024-09-26","weight":70,"reps":5,"maxReps":10,"program":"Program 5","dayTitle":"Uppers 2 - Neil"},{"date":"2024-10-10","weight":55,"reps":6,"maxReps":8,"program":"Program 5","dayTitle":"Uppers 2 - Neil"},{"date":"2024-10-17","weight":60,"reps":6,"maxReps":10,"program":"Program 5","dayTitle":"Uppers 2 - Neil"},{"date":"2024-10-24","weight":65,"reps":5,"maxReps":10,"program":"Program 5","dayTitle":"Uppers 2 - Neil"},{"date":"2024-11-01","weight":50,"reps":10,"maxReps":12,"program":"Program 5","dayTitle":"Full - Neil"},{"date":"2024-12-06","weight":55,"reps":12,"maxReps":12,"program":"Program 5","dayTitle":"Full - Neil"},{"date":"2024-12-13","weight":55,"reps":12,"maxReps":12,"program":"Program 5","dayTitle":"Full - Neil"},{"date":"2025-01-10","weight":120,"reps":8,"maxReps":8,"program":"Program 5","dayTitle":"Full - Neil"},{"date":"2025-01-24","weight":110,"reps":8,"maxReps":10,"program":"Program 5","dayTitle":"Full - Neil"}]},{"name":"DB Lat Raises","sessionCount":41,"peakWeight":35,"firstWeight":25,"lastWeight":27.5,"entries":[{"date":"2023-04-19","weight":25,"reps":10,"maxReps":10,"program":"Program 1","dayTitle":"Day 2 - Lower//Neil"},{"date":"2023-04-26","weight":10,"reps":25,"maxReps":25,"program":"Program 1","dayTitle":"Day 2 - Lower//Neil"},{"date":"2023-05-10","weight":25,"reps":15,"maxReps":15,"program":"Program 1","dayTitle":"Day 2 - Lower//Neil"},{"date":"2023-05-17","weight":25,"reps":15,"maxReps":15,"program":"Program 1","dayTitle":"Day 2 - Lower//Neil"},{"date":"2023-05-31","weight":25,"reps":15,"maxReps":15,"program":"Program 1","dayTitle":"Day 2 - Lower//Neil"},{"date":"2023-06-07","weight":17.5,"reps":25,"maxReps":25,"program":"Program 1","dayTitle":"Day 2 - Lower//Neil"},{"date":"2023-06-14","weight":25,"reps":15,"maxReps":15,"program":"Program 1","dayTitle":"Day 2 - Lower//Neil"},{"date":"2023-06-21","weight":25,"reps":15,"maxReps":15,"program":"Program 1","dayTitle":"Day 2 - Lower//Neil"},{"date":"2023-07-12","weight":25,"reps":15,"maxReps":15,"program":"Program 1","dayTitle":"Day 2 - Lower//Neil"},{"date":"2023-07-19","weight":25,"reps":15,"maxReps":15,"program":"Program 1","dayTitle":"Day 2 - Lower//Neil"},{"date":"2023-07-26","weight":17.5,"reps":25,"maxReps":25,"program":"Program 1","dayTitle":"Day 2 - Lower//Neil"},{"date":"2023-08-02","weight":25,"reps":3,"maxReps":15,"program":"Program 1","dayTitle":"Day 2 - Lower//Neil"},{"date":"2023-08-09","weight":20,"reps":20,"maxReps":25,"program":"Program 1","dayTitle":"Day 2 - Lower//Neil"},{"date":"2023-08-16","weight":20,"reps":20,"maxReps":20,"program":"Program 1","dayTitle":"Day 2 - Lower//Neil"},{"date":"2023-08-23","weight":25,"reps":20,"maxReps":20,"program":"Program 1","dayTitle":"Day 2 - Lower//Neil"},{"date":"2023-08-30","weight":25,"reps":20,"maxReps":20,"program":"Program 1","dayTitle":"Day 2 - Lower//Neil"},{"date":"2023-09-06","weight":15,"reps":15,"maxReps":15,"program":"Program 2","dayTitle":"Day 2 - Lower//Neil"},{"date":"2023-09-13","weight":20,"reps":20,"maxReps":25,"program":"Program 2","dayTitle":"Day 2 - Lower//Neil"},{"date":"2023-09-27","weight":22.5,"reps":10,"maxReps":10,"program":"Program 2","dayTitle":"Day 2 - Lower//Neil"},{"date":"2023-10-04","weight":25,"reps":20,"maxReps":20,"program":"Program 2","dayTitle":"Day 2 - Lower//Neil"},{"date":"2023-10-11","weight":22.5,"reps":20,"maxReps":20,"program":"Program 2","dayTitle":"Day 2 - Lower//Neil"},{"date":"2023-10-18","weight":25,"reps":20,"maxReps":20,"program":"Program 2","dayTitle":"Day 2 - Lower//Neil"},{"date":"2023-10-25","weight":25,"reps":15,"maxReps":15,"program":"Program 2","dayTitle":"Day 2 - Lower//Neil"},{"date":"2023-11-08","weight":35,"reps":6,"maxReps":10,"program":"Program 3","dayTitle":"Day 2 - Lower//Neil"},{"date":"2023-11-15","weight":25,"reps":15,"maxReps":15,"program":"Program 3","dayTitle":"Day 2 - Lower//Neil"},{"date":"2023-11-22","weight":25,"reps":20,"maxReps":20,"program":"Program 3","dayTitle":"Day 2 - Lower//Neil"},{"date":"2023-12-06","weight":25,"reps":20,"maxReps":20,"program":"Program 3","dayTitle":"Day 2 - Lower//Neil"},{"date":"2023-12-13","weight":25,"reps":20,"maxReps":20,"program":"Program 3","dayTitle":"Day 2 - Lower//Neil"},{"date":"2023-12-20","weight":22.5,"reps":10,"maxReps":10,"program":"Program 3","dayTitle":"Day 2 - Lower//Neil"},{"date":"2024-01-03","weight":20,"reps":20,"maxReps":20,"program":"Program 3","dayTitle":"Day 2 - Lower//Neil"},{"date":"2024-01-17","weight":20,"reps":3,"maxReps":3,"program":"Program 3","dayTitle":"Day 2 - Lower//Neil"},{"date":"2024-01-24","weight":20,"reps":20,"maxReps":20,"program":"Program 3","dayTitle":"Day 2 - Lower//Neil"},{"date":"2024-02-07","weight":20,"reps":20,"maxReps":20,"program":"Program 3","dayTitle":"Day 2 - Lower//Neil"},{"date":"2024-02-14","weight":25,"reps":15,"maxReps":15,"program":"Program 3","dayTitle":"Day 2 - Lower//Neil"},{"date":"2024-03-13","weight":25,"reps":12,"maxReps":12,"program":"Program 3","dayTitle":"Day 2 - Lower//Neil"},{"date":"2024-03-20","weight":25,"reps":15,"maxReps":15,"program":"Program 3","dayTitle":"Day 2 - Lower//Neil"},{"date":"2024-03-27","weight":27.5,"reps":15,"maxReps":15,"program":"Program 3","dayTitle":"Day 2 - Lower//Neil"},{"date":"2024-04-03","weight":30,"reps":12,"maxReps":12,"program":"Program 3","dayTitle":"Day 2 - Lower//Neil"},{"date":"2024-04-17","weight":25,"reps":15,"maxReps":15,"program":"Program 3","dayTitle":"Day 2 - Lower//Neil"},{"date":"2024-04-24","weight":25,"reps":15,"maxReps":15,"program":"Program 3","dayTitle":"Day 2 - Lower//Neil"},{"date":"2024-05-01","weight":27.5,"reps":15,"maxReps":15,"program":"Program 3","dayTitle":"Day 2 - Lower//Neil"}]},{"name":"Rear Delt Fly","sessionCount":39,"peakWeight":115,"firstWeight":70,"lastWeight":22.5,"entries":[{"date":"2023-04-21","weight":70,"reps":15,"maxReps":15,"program":"Program 1","dayTitle":"Full Body//Neil"},{"date":"2023-04-28","weight":55,"reps":15,"maxReps":15,"program":"Program 1","dayTitle":"Full Body//Neil"},{"date":"2023-05-05","weight":60,"reps":15,"maxReps":15,"program":"Program 1","dayTitle":"Full Body//Neil"},{"date":"2023-05-12","weight":55,"reps":15,"maxReps":15,"program":"Program 1","dayTitle":"Full Body//Neil"},{"date":"2023-05-19","weight":55,"reps":15,"maxReps":15,"program":"Program 1","dayTitle":"Full Body//Neil"},{"date":"2023-05-26","weight":55,"reps":15,"maxReps":15,"program":"Program 1","dayTitle":"Full Body//Neil"},{"date":"2023-06-02","weight":65,"reps":12,"maxReps":15,"program":"Program 1","dayTitle":"Full Body//Neil"},{"date":"2023-06-16","weight":85,"reps":10,"maxReps":10,"program":"Program 1","dayTitle":"Full Body//Neil"},{"date":"2023-06-23","weight":85,"reps":10,"maxReps":10,"program":"Program 1","dayTitle":"Full Body//Neil"},{"date":"2023-07-14","weight":100,"reps":10,"maxReps":10,"program":"Program 1","dayTitle":"Full Body//Neil"},{"date":"2023-07-21","weight":85,"reps":15,"maxReps":15,"program":"Program 1","dayTitle":"Full Body//Neil"},{"date":"2023-07-28","weight":85,"reps":15,"maxReps":15,"program":"Program 1","dayTitle":"Full Body//Neil"},{"date":"2023-08-04","weight":70,"reps":15,"maxReps":15,"program":"Program 1","dayTitle":"Full Body//Neil"},{"date":"2023-08-11","weight":70,"reps":15,"maxReps":15,"program":"Program 1","dayTitle":"Full Body//Neil"},{"date":"2023-08-18","weight":85,"reps":15,"maxReps":15,"program":"Program 1","dayTitle":"Full Body//Neil"},{"date":"2023-08-25","weight":85,"reps":15,"maxReps":15,"program":"Program 1","dayTitle":"Full Body//Neil"},{"date":"2023-09-01","weight":100,"reps":15,"maxReps":15,"program":"Program 2","dayTitle":"Full Body//Neil"},{"date":"2023-09-08","weight":100,"reps":15,"maxReps":15,"program":"Program 2","dayTitle":"Full Body//Neil"},{"date":"2023-09-29","weight":100,"reps":10,"maxReps":10,"program":"Program 2","dayTitle":"Full Body//Neil"},{"date":"2023-10-13","weight":100,"reps":15,"maxReps":15,"program":"Program 2","dayTitle":"Full Body//Neil"},{"date":"2023-10-20","weight":115,"reps":10,"maxReps":10,"program":"Program 2","dayTitle":"Full Body//Neil"},{"date":"2023-10-27","weight":115,"reps":8,"maxReps":8,"program":"Program 2","dayTitle":"Full Body//Neil"},{"date":"2023-11-10","weight":85,"reps":8,"maxReps":8,"program":"Program 3","dayTitle":"Full Body//Neil"},{"date":"2023-11-17","weight":85,"reps":15,"maxReps":15,"program":"Program 3","dayTitle":"Full Body//Neil"},{"date":"2023-11-24","weight":85,"reps":15,"maxReps":15,"program":"Program 3","dayTitle":"Full Body//Neil"},{"date":"2023-12-08","weight":100,"reps":10,"maxReps":15,"program":"Program 3","dayTitle":"Full Body//Neil"},{"date":"2023-12-15","weight":90,"reps":13,"maxReps":15,"program":"Program 3","dayTitle":"Full Body//Neil"},{"date":"2023-12-22","weight":80,"reps":15,"maxReps":15,"program":"Program 3","dayTitle":"Full Body//Neil"},{"date":"2024-05-17","weight":15,"reps":20,"maxReps":20,"program":"Program 3","dayTitle":"Upper/Arms - Neil"},{"date":"2024-05-24","weight":15,"reps":18,"maxReps":18,"program":"Program 4","dayTitle":"Upper/Arms - Neil"},{"date":"2024-05-31","weight":20,"reps":15,"maxReps":15,"program":"Program 4","dayTitle":"Upper/Arms - Neil"},{"date":"2024-06-07","weight":17.5,"reps":15,"maxReps":15,"program":"Program 4","dayTitle":"Upper/Arms - Neil"},{"date":"2024-06-14","weight":20,"reps":15,"maxReps":20,"program":"Program 4","dayTitle":"Upper/Arms - Neil"},{"date":"2024-06-21","weight":10,"reps":10,"maxReps":10,"program":"Program 4","dayTitle":"Upper/Arms - Neil"},{"date":"2024-06-28","weight":20,"reps":12,"maxReps":12,"program":"Program 4","dayTitle":"Upper/Arms - Neil"},{"date":"2024-07-05","weight":20,"reps":12,"maxReps":12,"program":"Program 4","dayTitle":"Upper/Arms - Neil"},{"date":"2024-07-19","weight":20,"reps":15,"maxReps":15,"program":"Program 4","dayTitle":"Upper/Arms - Neil"},{"date":"2024-07-26","weight":20,"reps":20,"maxReps":20,"program":"Program 4","dayTitle":"Upper/Arms - Neil"},{"date":"2024-09-06","weight":22.5,"reps":15,"maxReps":15,"program":"Program 5","dayTitle":"Upper/Arms - Neil"}]},{"name":"Wide Grip Pull Up","sessionCount":38,"peakWeight":60,"firstWeight":25,"lastWeight":45,"entries":[{"date":"2023-07-24","weight":25,"reps":8,"maxReps":8,"program":"Program 1","dayTitle":"Day 1 - Upper//Neil"},{"date":"2023-07-31","weight":35,"reps":5,"maxReps":9,"program":"Program 1","dayTitle":"Day 1 - Upper//Neil"},{"date":"2023-08-07","weight":35,"reps":6,"maxReps":6,"program":"Program 1","dayTitle":"Day 1 - Upper//Neil"},{"date":"2023-08-14","weight":35,"reps":6,"maxReps":6,"program":"Program 1","dayTitle":"Day 1 - Upper//Neil"},{"date":"2023-08-21","weight":45,"reps":3,"maxReps":7,"program":"Program 1","dayTitle":"Day 1 - Upper//Neil"},{"date":"2023-08-28","weight":45,"reps":5,"maxReps":5,"program":"Program 1","dayTitle":"Day 1 - Upper//Neil"},{"date":"2023-09-04","weight":45,"reps":5,"maxReps":5,"program":"Program 2","dayTitle":"Day 1 - Upper//Neil"},{"date":"2023-09-11","weight":45,"reps":5,"maxReps":5,"program":"Program 2","dayTitle":"Day 1 - Upper//Neil"},{"date":"2023-09-25","weight":45,"reps":6,"maxReps":6,"program":"Program 2","dayTitle":"Day 1 - Upper//Neil"},{"date":"2023-10-02","weight":45,"reps":5,"maxReps":5,"program":"Program 2","dayTitle":"Day 1 - Upper//Neil"},{"date":"2023-10-09","weight":45,"reps":6,"maxReps":6,"program":"Program 2","dayTitle":"Day 1 - Upper//Neil"},{"date":"2023-10-16","weight":45,"reps":7,"maxReps":7,"program":"Program 2","dayTitle":"Day 1 - Upper//Neil"},{"date":"2023-10-23","weight":45,"reps":7,"maxReps":7,"program":"Program 2","dayTitle":"Day 1 - Upper//Neil"},{"date":"2023-10-30","weight":45,"reps":6,"maxReps":6,"program":"Program 3","dayTitle":"Day 1 - Upper//Neil"},{"date":"2023-11-06","weight":55,"reps":4,"maxReps":8,"program":"Program 3","dayTitle":"Day 1 - Upper//Neil"},{"date":"2023-11-13","weight":45,"reps":6,"maxReps":6,"program":"Program 3","dayTitle":"Day 1 - Upper//Neil"},{"date":"2023-11-27","weight":45,"reps":6,"maxReps":6,"program":"Program 3","dayTitle":"Day 1 - Upper//Neil"},{"date":"2023-12-04","weight":55,"reps":3,"maxReps":8,"program":"Program 3","dayTitle":"Day 1 - Upper//Neil"},{"date":"2023-12-11","weight":35,"reps":8,"maxReps":8,"program":"Program 3","dayTitle":"Day 1 - Upper//Neil"},{"date":"2023-12-18","weight":45,"reps":6,"maxReps":6,"program":"Program 3","dayTitle":"Day 1 - Upper//Neil"},{"date":"2023-12-25","weight":45,"reps":7,"maxReps":7,"program":"Program 3","dayTitle":"Day 1 - Upper//Neil"},{"date":"2024-01-08","weight":45,"reps":8,"maxReps":8,"program":"Program 3","dayTitle":"Day 1 - Upper//Neil"},{"date":"2024-01-22","weight":45,"reps":8,"maxReps":8,"program":"Program 3","dayTitle":"Day 1 - Upper//Neil"},{"date":"2024-02-05","weight":45,"reps":7,"maxReps":7,"program":"Program 3","dayTitle":"Day 1 - Upper//Neil"},{"date":"2024-02-12","weight":45,"reps":7,"maxReps":7,"program":"Program 3","dayTitle":"Day 1 - Upper//Neil"},{"date":"2024-03-04","weight":60,"reps":5,"maxReps":6,"program":"Program 3","dayTitle":"Day 1 - Upper//Neil"},{"date":"2024-03-11","weight":60,"reps":4,"maxReps":6,"program":"Program 3","dayTitle":"Day 1 - Upper//Neil"},{"date":"2024-03-25","weight":45,"reps":6,"maxReps":6,"program":"Program 3","dayTitle":"Day 1 - Upper//Neil"},{"date":"2024-04-01","weight":55,"reps":4,"maxReps":4,"program":"Program 3","dayTitle":"Day 1 - Upper//Neil"},{"date":"2024-04-22","weight":55,"reps":5,"maxReps":5,"program":"Program 3","dayTitle":"Day 1 - Upper//Neil"},{"date":"2024-04-29","weight":55,"reps":5,"maxReps":7,"program":"Program 3","dayTitle":"Day 1 - Upper//Neil"},{"date":"2024-05-15","weight":45,"reps":6,"maxReps":10,"program":"Program 3","dayTitle":"Pull - Neil"},{"date":"2024-05-22","weight":35,"reps":9,"maxReps":9,"program":"Program 4","dayTitle":"Pull - Neil"},{"date":"2024-05-29","weight":35,"reps":9,"maxReps":9,"program":"Program 4","dayTitle":"Pull - Neil"},{"date":"2024-06-05","weight":45,"reps":6,"maxReps":8,"program":"Program 4","dayTitle":"Pull - Neil"},{"date":"2024-07-03","weight":45,"reps":7,"maxReps":7,"program":"Program 4","dayTitle":"Pull - Neil"},{"date":"2024-07-17","weight":45,"reps":8,"maxReps":8,"program":"Program 4","dayTitle":"Pull - Neil"},{"date":"2024-07-24","weight":45,"reps":8,"maxReps":8,"program":"Program 4","dayTitle":"Pull - Neil"}]},{"name":"DB Shoulder Press","sessionCount":37,"peakWeight":90,"firstWeight":40,"lastWeight":90,"entries":[{"date":"2023-04-21","weight":40,"reps":12,"maxReps":12,"program":"Program 1","dayTitle":"Full Body//Neil"},{"date":"2023-04-28","weight":40,"reps":12,"maxReps":12,"program":"Program 1","dayTitle":"Full Body//Neil"},{"date":"2023-05-05","weight":45,"reps":10,"maxReps":10,"program":"Program 1","dayTitle":"Full Body//Neil"},{"date":"2023-05-12","weight":45,"reps":10,"maxReps":10,"program":"Program 1","dayTitle":"Full Body//Neil"},{"date":"2023-05-19","weight":50,"reps":10,"maxReps":10,"program":"Program 1","dayTitle":"Full Body//Neil"},{"date":"2023-05-26","weight":50,"reps":10,"maxReps":10,"program":"Program 1","dayTitle":"Full Body//Neil"},{"date":"2023-06-02","weight":50,"reps":10,"maxReps":10,"program":"Program 1","dayTitle":"Full Body//Neil"},{"date":"2023-06-09","weight":45,"reps":10,"maxReps":30,"program":"Program 1","dayTitle":"Full Body//Neil"},{"date":"2023-06-16","weight":50,"reps":10,"maxReps":10,"program":"Program 1","dayTitle":"Full Body//Neil"},{"date":"2023-06-23","weight":55,"reps":7,"maxReps":10,"program":"Program 1","dayTitle":"Full Body//Neil"},{"date":"2023-06-30","weight":50,"reps":10,"maxReps":10,"program":"Program 1","dayTitle":"Full Body//Neil"},{"date":"2023-07-14","weight":55,"reps":8,"maxReps":8,"program":"Program 1","dayTitle":"Full Body//Neil"},{"date":"2023-07-21","weight":55,"reps":10,"maxReps":10,"program":"Program 1","dayTitle":"Full Body//Neil"},{"date":"2023-07-28","weight":55,"reps":8,"maxReps":8,"program":"Program 1","dayTitle":"Full Body//Neil"},{"date":"2023-08-04","weight":50,"reps":10,"maxReps":10,"program":"Program 1","dayTitle":"Full Body//Neil"},{"date":"2023-08-11","weight":45,"reps":10,"maxReps":10,"program":"Program 1","dayTitle":"Full Body//Neil"},{"date":"2023-08-18","weight":40,"reps":10,"maxReps":10,"program":"Program 1","dayTitle":"Full Body//Neil"},{"date":"2023-08-25","weight":40,"reps":12,"maxReps":12,"program":"Program 1","dayTitle":"Full Body//Neil"},{"date":"2023-09-08","weight":30,"reps":12,"maxReps":12,"program":"Program 2","dayTitle":"Full Body//Neil"},{"date":"2023-09-29","weight":35,"reps":12,"maxReps":12,"program":"Program 2","dayTitle":"Full Body//Neil"},{"date":"2023-10-06","weight":40,"reps":12,"maxReps":12,"program":"Program 2","dayTitle":"Full Body//Neil"},{"date":"2023-10-13","weight":45,"reps":10,"maxReps":10,"program":"Program 2","dayTitle":"Full Body//Neil"},{"date":"2023-10-20","weight":45,"reps":10,"maxReps":10,"program":"Program 2","dayTitle":"Full Body//Neil"},{"date":"2023-10-27","weight":50,"reps":7,"maxReps":10,"program":"Program 2","dayTitle":"Full Body//Neil"},{"date":"2023-11-03","weight":50,"reps":8,"maxReps":8,"program":"Program 3","dayTitle":"Full Body//Neil"},{"date":"2023-11-10","weight":50,"reps":10,"maxReps":10,"program":"Program 3","dayTitle":"Full Body//Neil"},{"date":"2023-11-17","weight":55,"reps":5,"maxReps":12,"program":"Program 3","dayTitle":"Full Body//Neil"},{"date":"2023-11-24","weight":50,"reps":6,"maxReps":6,"program":"Program 3","dayTitle":"Full Body//Neil"},{"date":"2023-12-01","weight":20,"reps":8,"maxReps":8,"program":"Program 3","dayTitle":"Full Body//Neil"},{"date":"2023-12-08","weight":50,"reps":7,"maxReps":7,"program":"Program 3","dayTitle":"Full Body//Neil"},{"date":"2023-12-15","weight":50,"reps":7,"maxReps":7,"program":"Program 3","dayTitle":"Full Body//Neil"},{"date":"2023-12-22","weight":50,"reps":8,"maxReps":8,"program":"Program 3","dayTitle":"Full Body//Neil"},{"date":"2024-04-08","weight":45,"reps":6,"maxReps":14,"program":"Program 3","dayTitle":"Day 1 - Upper//Neil"},{"date":"2024-04-15","weight":30,"reps":10,"maxReps":10,"program":"Program 3","dayTitle":"Day 1 - Upper//Neil"},{"date":"2024-04-22","weight":45,"reps":8,"maxReps":10,"program":"Program 3","dayTitle":"Day 1 - Upper//Neil"},{"date":"2024-04-29","weight":50,"reps":8,"maxReps":15,"program":"Program 3","dayTitle":"Day 1 - Upper//Neil"},{"date":"2024-09-02","weight":90,"reps":8,"maxReps":10,"program":"Program 5","dayTitle":"Push - Neil"}]},{"name":"Low Incline DB Press","sessionCount":33,"peakWeight":155,"firstWeight":50,"lastWeight":60,"entries":[{"date":"2023-04-17","weight":50,"reps":9,"maxReps":9,"program":"Program 1","dayTitle":"Day 1 - Upper//Neil"},{"date":"2023-04-24","weight":50,"reps":10,"maxReps":10,"program":"Program 1","dayTitle":"Day 1 - Upper//Neil"},{"date":"2023-05-01","weight":55,"reps":1,"maxReps":12,"program":"Program 1","dayTitle":"Day 1 - Upper//Neil"},{"date":"2023-05-08","weight":55,"reps":9,"maxReps":9,"program":"Program 1","dayTitle":"Day 1 - Upper//Neil"},{"date":"2023-05-15","weight":60,"reps":8,"maxReps":15,"program":"Program 1","dayTitle":"Day 1 - Upper//Neil"},{"date":"2023-05-22","weight":60,"reps":8,"maxReps":12,"program":"Program 1","dayTitle":"Day 1 - Upper//Neil"},{"date":"2023-05-29","weight":60,"reps":10,"maxReps":10,"program":"Program 1","dayTitle":"Day 1 - Upper//Neil"},{"date":"2023-06-05","weight":70,"reps":10,"maxReps":10,"program":"Program 1","dayTitle":"Day 1 - Upper//Neil"},{"date":"2023-06-12","weight":65,"reps":10,"maxReps":10,"program":"Program 1","dayTitle":"Day 1 - Upper//Neil"},{"date":"2023-06-19","weight":155,"reps":4,"maxReps":8,"program":"Program 1","dayTitle":"Day 1 - Upper//Neil"},{"date":"2023-07-10","weight":60,"reps":12,"maxReps":12,"program":"Program 1","dayTitle":"Day 1 - Upper//Neil"},{"date":"2023-07-17","weight":60,"reps":10,"maxReps":10,"program":"Program 1","dayTitle":"Day 1 - Upper//Neil"},{"date":"2023-07-24","weight":65,"reps":10,"maxReps":10,"program":"Program 1","dayTitle":"Day 1 - Upper//Neil"},{"date":"2023-07-31","weight":70,"reps":10,"maxReps":10,"program":"Program 1","dayTitle":"Day 1 - Upper//Neil"},{"date":"2023-08-07","weight":55,"reps":6,"maxReps":6,"program":"Program 1","dayTitle":"Day 1 - Upper//Neil"},{"date":"2023-08-14","weight":55,"reps":8,"maxReps":8,"program":"Program 1","dayTitle":"Day 1 - Upper//Neil"},{"date":"2023-08-21","weight":55,"reps":10,"maxReps":10,"program":"Program 1","dayTitle":"Day 1 - Upper//Neil"},{"date":"2023-09-11","weight":35,"reps":10,"maxReps":10,"program":"Program 2","dayTitle":"Day 1 - Upper//Neil"},{"date":"2023-09-25","weight":40,"reps":15,"maxReps":15,"program":"Program 2","dayTitle":"Day 1 - Upper//Neil"},{"date":"2024-05-06","weight":50,"reps":8,"maxReps":8,"program":"Program 3","dayTitle":"Push - Neil"},{"date":"2024-05-13","weight":60,"reps":7,"maxReps":8,"program":"Program 3","dayTitle":"Push - Neil"},{"date":"2024-05-20","weight":60,"reps":8,"maxReps":8,"program":"Program 4","dayTitle":"Push - Neil"},{"date":"2024-05-27","weight":65,"reps":6,"maxReps":9,"program":"Program 4","dayTitle":"Push - Neil"},{"date":"2024-06-03","weight":65,"reps":7,"maxReps":10,"program":"Program 4","dayTitle":"Push - Neil"},{"date":"2024-06-10","weight":60,"reps":8,"maxReps":8,"program":"Program 4","dayTitle":"Push - Neil"},{"date":"2024-06-17","weight":135,"reps":4,"maxReps":12,"program":"Program 4","dayTitle":"Push - Neil"},{"date":"2024-06-24","weight":55,"reps":10,"maxReps":10,"program":"Program 4","dayTitle":"Push - Neil"},{"date":"2024-07-01","weight":55,"reps":10,"maxReps":10,"program":"Program 4","dayTitle":"Push - Neil"},{"date":"2024-07-08","weight":125,"reps":6,"maxReps":8,"program":"Program 4","dayTitle":"Push - Neil"},{"date":"2024-07-15","weight":60,"reps":10,"maxReps":10,"program":"Program 4","dayTitle":"Push - Neil"},{"date":"2024-07-22","weight":50,"reps":14,"maxReps":14,"program":"Program 4","dayTitle":"Push - Neil"},{"date":"2024-08-05","weight":65,"reps":6,"maxReps":10,"program":"Program 4","dayTitle":"Push - Neil"},{"date":"2024-09-02","weight":60,"reps":8,"maxReps":10,"program":"Program 5","dayTitle":"Push - Neil"}]},{"name":"Goblet Squat","sessionCount":31,"peakWeight":60,"firstWeight":40,"lastWeight":50,"entries":[{"date":"2023-04-28","weight":40,"reps":12,"maxReps":12,"program":"Program 1","dayTitle":"Full Body//Neil"},{"date":"2023-05-05","weight":45,"reps":15,"maxReps":15,"program":"Program 1","dayTitle":"Full Body//Neil"},{"date":"2023-05-12","weight":44,"reps":12,"maxReps":12,"program":"Program 1","dayTitle":"Full Body//Neil"},{"date":"2023-05-19","weight":44,"reps":12,"maxReps":12,"program":"Program 1","dayTitle":"Full Body//Neil"},{"date":"2023-05-26","weight":50,"reps":10,"maxReps":12,"program":"Program 1","dayTitle":"Full Body//Neil"},{"date":"2023-06-02","weight":50,"reps":12,"maxReps":12,"program":"Program 1","dayTitle":"Full Body//Neil"},{"date":"2023-06-09","weight":50,"reps":10,"maxReps":10,"program":"Program 1","dayTitle":"Full Body//Neil"},{"date":"2023-06-16","weight":55,"reps":8,"maxReps":8,"program":"Program 1","dayTitle":"Full Body//Neil"},{"date":"2023-06-23","weight":55,"reps":10,"maxReps":10,"program":"Program 1","dayTitle":"Full Body//Neil"},{"date":"2023-06-30","weight":50,"reps":15,"maxReps":15,"program":"Program 1","dayTitle":"Full Body//Neil"},{"date":"2023-07-14","weight":55,"reps":10,"maxReps":10,"program":"Program 1","dayTitle":"Full Body//Neil"},{"date":"2023-07-28","weight":55,"reps":15,"maxReps":15,"program":"Program 1","dayTitle":"Full Body//Neil"},{"date":"2023-08-04","weight":60,"reps":12,"maxReps":12,"program":"Program 1","dayTitle":"Full Body//Neil"},{"date":"2023-08-11","weight":60,"reps":9,"maxReps":9,"program":"Program 1","dayTitle":"Full Body//Neil"},{"date":"2023-08-18","weight":60,"reps":8,"maxReps":8,"program":"Program 1","dayTitle":"Full Body//Neil"},{"date":"2023-08-25","weight":60,"reps":10,"maxReps":10,"program":"Program 1","dayTitle":"Full Body//Neil"},{"date":"2023-09-01","weight":60,"reps":10,"maxReps":10,"program":"Program 2","dayTitle":"Full Body//Neil"},{"date":"2023-09-08","weight":30,"reps":12,"maxReps":12,"program":"Program 2","dayTitle":"Full Body//Neil"},{"date":"2023-09-29","weight":40,"reps":12,"maxReps":12,"program":"Program 2","dayTitle":"Full Body//Neil"},{"date":"2023-10-06","weight":40,"reps":12,"maxReps":12,"program":"Program 2","dayTitle":"Full Body//Neil"},{"date":"2023-10-13","weight":45,"reps":12,"maxReps":12,"program":"Program 2","dayTitle":"Full Body//Neil"},{"date":"2023-10-20","weight":55,"reps":10,"maxReps":10,"program":"Program 2","dayTitle":"Full Body//Neil"},{"date":"2023-10-27","weight":55,"reps":10,"maxReps":10,"program":"Program 2","dayTitle":"Full Body//Neil"},{"date":"2023-11-03","weight":50,"reps":12,"maxReps":12,"program":"Program 3","dayTitle":"Full Body//Neil"},{"date":"2023-11-10","weight":25,"reps":10,"maxReps":10,"program":"Program 3","dayTitle":"Full Body//Neil"},{"date":"2023-11-17","weight":35,"reps":12,"maxReps":12,"program":"Program 3","dayTitle":"Full Body//Neil"},{"date":"2023-11-24","weight":35,"reps":12,"maxReps":12,"program":"Program 3","dayTitle":"Full Body//Neil"},{"date":"2023-12-01","weight":18,"reps":10,"maxReps":10,"program":"Program 3","dayTitle":"Full Body//Neil"},{"date":"2023-12-08","weight":40,"reps":12,"maxReps":12,"program":"Program 3","dayTitle":"Full Body//Neil"},{"date":"2023-12-15","weight":45,"reps":10,"maxReps":10,"program":"Program 3","dayTitle":"Full Body//Neil"},{"date":"2023-12-22","weight":50,"reps":10,"maxReps":10,"program":"Program 3","dayTitle":"Full Body//Neil"}]},{"name":"Barbell RDL","sessionCount":28,"peakWeight":145,"firstWeight":65,"lastWeight":145,"entries":[{"date":"2023-04-19","weight":65,"reps":9,"maxReps":9,"program":"Program 1","dayTitle":"Day 2 - Lower//Neil"},{"date":"2023-04-26","weight":85,"reps":9,"maxReps":9,"program":"Program 1","dayTitle":"Day 2 - Lower//Neil"},{"date":"2023-05-03","weight":65,"reps":9,"maxReps":9,"program":"Program 1","dayTitle":"Day 2 - Lower//Neil"},{"date":"2023-05-10","weight":105,"reps":9,"maxReps":9,"program":"Program 1","dayTitle":"Day 2 - Lower//Neil"},{"date":"2023-05-17","weight":30,"reps":10,"maxReps":10,"program":"Program 1","dayTitle":"Day 2 - Lower//Neil"},{"date":"2023-05-24","weight":30,"reps":10,"maxReps":10,"program":"Program 1","dayTitle":"Day 2 - Lower//Neil"},{"date":"2023-05-31","weight":105,"reps":10,"maxReps":10,"program":"Program 1","dayTitle":"Day 2 - Lower//Neil"},{"date":"2023-06-07","weight":105,"reps":10,"maxReps":10,"program":"Program 1","dayTitle":"Day 2 - Lower//Neil"},{"date":"2023-06-14","weight":115,"reps":6,"maxReps":10,"program":"Program 1","dayTitle":"Day 2 - Lower//Neil"},{"date":"2023-06-21","weight":115,"reps":7,"maxReps":10,"program":"Program 1","dayTitle":"Day 2 - Lower//Neil"},{"date":"2023-07-12","weight":115,"reps":7,"maxReps":7,"program":"Program 1","dayTitle":"Day 2 - Lower//Neil"},{"date":"2023-07-19","weight":135,"reps":6,"maxReps":10,"program":"Program 1","dayTitle":"Day 2 - Lower//Neil"},{"date":"2023-07-26","weight":135,"reps":7,"maxReps":10,"program":"Program 1","dayTitle":"Day 2 - Lower//Neil"},{"date":"2023-08-02","weight":115,"reps":7,"maxReps":7,"program":"Program 1","dayTitle":"Day 2 - Lower//Neil"},{"date":"2023-08-09","weight":135,"reps":8,"maxReps":10,"program":"Program 1","dayTitle":"Day 2 - Lower//Neil"},{"date":"2023-08-16","weight":135,"reps":10,"maxReps":10,"program":"Program 1","dayTitle":"Day 2 - Lower//Neil"},{"date":"2023-08-23","weight":135,"reps":10,"maxReps":10,"program":"Program 1","dayTitle":"Day 2 - Lower//Neil"},{"date":"2023-08-30","weight":135,"reps":8,"maxReps":15,"program":"Program 1","dayTitle":"Day 2 - Lower//Neil"},{"date":"2023-09-06","weight":115,"reps":8,"maxReps":8,"program":"Program 2","dayTitle":"Day 2 - Lower//Neil"},{"date":"2023-09-13","weight":95,"reps":8,"maxReps":8,"program":"Program 2","dayTitle":"Day 2 - Lower//Neil"},{"date":"2023-09-27","weight":95,"reps":10,"maxReps":10,"program":"Program 2","dayTitle":"Day 2 - Lower//Neil"},{"date":"2023-10-04","weight":115,"reps":10,"maxReps":10,"program":"Program 2","dayTitle":"Day 2 - Lower//Neil"},{"date":"2023-10-11","weight":95,"reps":3,"maxReps":3,"program":"Program 2","dayTitle":"Day 2 - Lower//Neil"},{"date":"2023-10-18","weight":115,"reps":10,"maxReps":10,"program":"Program 2","dayTitle":"Day 2 - Lower//Neil"},{"date":"2023-10-25","weight":135,"reps":10,"maxReps":10,"program":"Program 2","dayTitle":"Day 2 - Lower//Neil"},{"date":"2023-11-08","weight":135,"reps":10,"maxReps":10,"program":"Program 3","dayTitle":"Day 2 - Lower//Neil"},{"date":"2023-11-15","weight":95,"reps":10,"maxReps":10,"program":"Program 3","dayTitle":"Day 2 - Lower//Neil"},{"date":"2023-12-06","weight":145,"reps":10,"maxReps":10,"program":"Program 3","dayTitle":"Day 2 - Lower//Neil"}]},{"name":"Machine Shoulder Press","sessionCount":28,"peakWeight":180,"firstWeight":80,"lastWeight":65,"entries":[{"date":"2023-10-02","weight":80,"reps":10,"maxReps":10,"program":"Program 2","dayTitle":"Day 1 - Upper//Neil"},{"date":"2023-10-09","weight":90,"reps":10,"maxReps":10,"program":"Program 2","dayTitle":"Day 1 - Upper//Neil"},{"date":"2023-10-16","weight":110,"reps":10,"maxReps":10,"program":"Program 2","dayTitle":"Day 1 - Upper//Neil"},{"date":"2023-10-23","weight":120,"reps":7,"maxReps":7,"program":"Program 2","dayTitle":"Day 1 - Upper//Neil"},{"date":"2023-10-30","weight":45,"reps":10,"maxReps":10,"program":"Program 3","dayTitle":"Day 1 - Upper//Neil"},{"date":"2023-11-06","weight":130,"reps":6,"maxReps":10,"program":"Program 3","dayTitle":"Day 1 - Upper//Neil"},{"date":"2023-11-13","weight":70,"reps":12,"maxReps":12,"program":"Program 3","dayTitle":"Day 1 - Upper//Neil"},{"date":"2023-11-20","weight":110,"reps":8,"maxReps":10,"program":"Program 3","dayTitle":"Day 1 - Upper//Neil"},{"date":"2023-11-27","weight":90,"reps":3,"maxReps":3,"program":"Program 3","dayTitle":"Day 1 - Upper//Neil"},{"date":"2023-12-04","weight":130,"reps":8,"maxReps":10,"program":"Program 3","dayTitle":"Day 1 - Upper//Neil"},{"date":"2023-12-11","weight":110,"reps":10,"maxReps":10,"program":"Program 3","dayTitle":"Day 1 - Upper//Neil"},{"date":"2023-12-18","weight":130,"reps":6,"maxReps":10,"program":"Program 3","dayTitle":"Day 1 - Upper//Neil"},{"date":"2023-12-25","weight":130,"reps":8,"maxReps":10,"program":"Program 3","dayTitle":"Day 1 - Upper//Neil"},{"date":"2024-01-08","weight":130,"reps":10,"maxReps":10,"program":"Program 3","dayTitle":"Day 1 - Upper//Neil"},{"date":"2024-01-15","weight":140,"reps":6,"maxReps":10,"program":"Program 3","dayTitle":"Day 1 - Upper//Neil"},{"date":"2024-01-22","weight":160,"reps":6,"maxReps":10,"program":"Program 3","dayTitle":"Day 1 - Upper//Neil"},{"date":"2024-02-05","weight":160,"reps":8,"maxReps":10,"program":"Program 3","dayTitle":"Day 1 - Upper//Neil"},{"date":"2024-02-12","weight":160,"reps":8,"maxReps":8,"program":"Program 3","dayTitle":"Day 1 - Upper//Neil"},{"date":"2024-03-04","weight":130,"reps":6,"maxReps":6,"program":"Program 3","dayTitle":"Day 1 - Upper//Neil"},{"date":"2024-03-11","weight":160,"reps":4,"maxReps":8,"program":"Program 3","dayTitle":"Day 1 - Upper//Neil"},{"date":"2024-03-25","weight":180,"reps":4,"maxReps":8,"program":"Program 3","dayTitle":"Day 1 - Upper//Neil"},{"date":"2024-04-01","weight":160,"reps":4,"maxReps":15,"program":"Program 3","dayTitle":"Day 1 - Upper//Neil"},{"date":"2024-09-12","weight":45,"reps":10,"maxReps":10,"program":"Program 5","dayTitle":"Uppers 2 - Neil"},{"date":"2024-09-19","weight":45,"reps":10,"maxReps":10,"program":"Program 5","dayTitle":"Uppers 2 - Neil"},{"date":"2024-09-26","weight":45,"reps":8,"maxReps":8,"program":"Program 5","dayTitle":"Uppers 2 - Neil"},{"date":"2024-10-10","weight":45,"reps":8,"maxReps":8,"program":"Program 5","dayTitle":"Uppers 2 - Neil"},{"date":"2024-10-17","weight":65,"reps":8,"maxReps":10,"program":"Program 5","dayTitle":"Uppers 2 - Neil"},{"date":"2024-10-24","weight":65,"reps":7,"maxReps":8,"program":"Program 5","dayTitle":"Uppers 2 - Neil"}]},{"name":"Flat DB Press","sessionCount":26,"peakWeight":155,"firstWeight":45,"lastWeight":65,"entries":[{"date":"2023-10-02","weight":45,"reps":10,"maxReps":10,"program":"Program 2","dayTitle":"Day 1 - Upper//Neil"},{"date":"2023-10-09","weight":50,"reps":12,"maxReps":12,"program":"Program 2","dayTitle":"Day 1 - Upper//Neil"},{"date":"2023-10-16","weight":55,"reps":10,"maxReps":10,"program":"Program 2","dayTitle":"Day 1 - Upper//Neil"},{"date":"2023-10-23","weight":55,"reps":15,"maxReps":15,"program":"Program 2","dayTitle":"Day 1 - Upper//Neil"},{"date":"2023-10-30","weight":60,"reps":10,"maxReps":10,"program":"Program 3","dayTitle":"Day 1 - Upper//Neil"},{"date":"2023-11-06","weight":60,"reps":10,"maxReps":10,"program":"Program 3","dayTitle":"Day 1 - Upper//Neil"},{"date":"2023-11-13","weight":65,"reps":10,"maxReps":10,"program":"Program 3","dayTitle":"Day 1 - Upper//Neil"},{"date":"2023-11-20","weight":65,"reps":10,"maxReps":10,"program":"Program 3","dayTitle":"Day 1 - Upper//Neil"},{"date":"2023-11-27","weight":65,"reps":10,"maxReps":10,"program":"Program 3","dayTitle":"Day 1 - Upper//Neil"},{"date":"2023-12-04","weight":155,"reps":5,"maxReps":8,"program":"Program 3","dayTitle":"Day 1 - Upper//Neil"},{"date":"2023-12-11","weight":65,"reps":10,"maxReps":10,"program":"Program 3","dayTitle":"Day 1 - Upper//Neil"},{"date":"2023-12-18","weight":65,"reps":10,"maxReps":10,"program":"Program 3","dayTitle":"Day 1 - Upper//Neil"},{"date":"2023-12-25","weight":70,"reps":8,"maxReps":8,"program":"Program 3","dayTitle":"Day 1 - Upper//Neil"},{"date":"2024-01-08","weight":70,"reps":8,"maxReps":13,"program":"Program 3","dayTitle":"Day 1 - Upper//Neil"},{"date":"2024-01-15","weight":70,"reps":8,"maxReps":9,"program":"Program 3","dayTitle":"Day 1 - Upper//Neil"},{"date":"2024-01-22","weight":145,"reps":7,"maxReps":9,"program":"Program 3","dayTitle":"Day 1 - Upper//Neil"},{"date":"2024-02-05","weight":60,"reps":10,"maxReps":10,"program":"Program 3","dayTitle":"Day 1 - Upper//Neil"},{"date":"2024-02-12","weight":65,"reps":8,"maxReps":8,"program":"Program 3","dayTitle":"Day 1 - Upper//Neil"},{"date":"2024-03-04","weight":70,"reps":6,"maxReps":8,"program":"Program 3","dayTitle":"Day 1 - Upper//Neil"},{"date":"2024-03-11","weight":70,"reps":7,"maxReps":7,"program":"Program 3","dayTitle":"Day 1 - Upper//Neil"},{"date":"2024-03-25","weight":60,"reps":8,"maxReps":8,"program":"Program 3","dayTitle":"Day 1 - Upper//Neil"},{"date":"2024-04-01","weight":60,"reps":8,"maxReps":12,"program":"Program 3","dayTitle":"Day 1 - Upper//Neil"},{"date":"2024-04-08","weight":55,"reps":10,"maxReps":10,"program":"Program 3","dayTitle":"Day 1 - Upper//Neil"},{"date":"2024-04-15","weight":50,"reps":10,"maxReps":10,"program":"Program 3","dayTitle":"Day 1 - Upper//Neil"},{"date":"2024-04-22","weight":60,"reps":6,"maxReps":10,"program":"Program 3","dayTitle":"Day 1 - Upper//Neil"},{"date":"2024-04-29","weight":65,"reps":6,"maxReps":8,"program":"Program 3","dayTitle":"Day 1 - Upper//Neil"}]},{"name":"Seated Row","sessionCount":26,"peakWeight":160,"firstWeight":140,"lastWeight":160,"entries":[{"date":"2023-10-02","weight":140,"reps":6,"maxReps":10,"program":"Program 2","dayTitle":"Day 1 - Upper//Neil"},{"date":"2023-10-09","weight":140,"reps":7,"maxReps":10,"program":"Program 2","dayTitle":"Day 1 - Upper//Neil"},{"date":"2023-10-16","weight":140,"reps":10,"maxReps":10,"program":"Program 2","dayTitle":"Day 1 - Upper//Neil"},{"date":"2023-10-23","weight":60,"reps":10,"maxReps":10,"program":"Program 2","dayTitle":"Day 1 - Upper//Neil"},{"date":"2023-10-30","weight":145,"reps":6,"maxReps":10,"program":"Program 3","dayTitle":"Day 1 - Upper//Neil"},{"date":"2023-11-06","weight":160,"reps":4,"maxReps":10,"program":"Program 3","dayTitle":"Day 1 - Upper//Neil"},{"date":"2023-11-13","weight":85,"reps":20,"maxReps":20,"program":"Program 3","dayTitle":"Day 1 - Upper//Neil"},{"date":"2023-11-20","weight":140,"reps":8,"maxReps":8,"program":"Program 3","dayTitle":"Day 1 - Upper//Neil"},{"date":"2023-11-27","weight":140,"reps":8,"maxReps":8,"program":"Program 3","dayTitle":"Day 1 - Upper//Neil"},{"date":"2023-12-04","weight":140,"reps":8,"maxReps":8,"program":"Program 3","dayTitle":"Day 1 - Upper//Neil"},{"date":"2023-12-11","weight":145,"reps":6,"maxReps":6,"program":"Program 3","dayTitle":"Day 1 - Upper//Neil"},{"date":"2023-12-18","weight":145,"reps":7,"maxReps":7,"program":"Program 3","dayTitle":"Day 1 - Upper//Neil"},{"date":"2023-12-25","weight":145,"reps":7,"maxReps":7,"program":"Program 3","dayTitle":"Day 1 - Upper//Neil"},{"date":"2024-01-08","weight":145,"reps":8,"maxReps":8,"program":"Program 3","dayTitle":"Day 1 - Upper//Neil"},{"date":"2024-01-15","weight":145,"reps":8,"maxReps":8,"program":"Program 3","dayTitle":"Day 1 - Upper//Neil"},{"date":"2024-01-22","weight":160,"reps":6,"maxReps":8,"program":"Program 3","dayTitle":"Day 1 - Upper//Neil"},{"date":"2024-02-05","weight":160,"reps":5,"maxReps":5,"program":"Program 3","dayTitle":"Day 1 - Upper//Neil"},{"date":"2024-02-12","weight":70,"reps":7,"maxReps":7,"program":"Program 3","dayTitle":"Day 1 - Upper//Neil"},{"date":"2024-03-04","weight":160,"reps":6,"maxReps":6,"program":"Program 3","dayTitle":"Day 1 - Upper//Neil"},{"date":"2024-03-11","weight":160,"reps":7,"maxReps":10,"program":"Program 3","dayTitle":"Day 1 - Upper//Neil"},{"date":"2024-03-25","weight":140,"reps":8,"maxReps":8,"program":"Program 3","dayTitle":"Day 1 - Upper//Neil"},{"date":"2024-04-01","weight":160,"reps":5,"maxReps":15,"program":"Program 3","dayTitle":"Day 1 - Upper//Neil"},{"date":"2024-04-08","weight":140,"reps":8,"maxReps":15,"program":"Program 3","dayTitle":"Day 1 - Upper//Neil"},{"date":"2024-04-15","weight":100,"reps":10,"maxReps":10,"program":"Program 3","dayTitle":"Day 1 - Upper//Neil"},{"date":"2024-04-22","weight":160,"reps":6,"maxReps":10,"program":"Program 3","dayTitle":"Day 1 - Upper//Neil"},{"date":"2024-04-29","weight":160,"reps":4,"maxReps":6,"program":"Program 3","dayTitle":"Day 1 - Upper//Neil"}]},{"name":"Bicep Curl","sessionCount":26,"peakWeight":90,"firstWeight":35,"lastWeight":90,"entries":[{"date":"2023-10-02","weight":35,"reps":8,"maxReps":8,"program":"Program 2","dayTitle":"Day 1 - Upper//Neil"},{"date":"2023-10-09","weight":35,"reps":8,"maxReps":8,"program":"Program 2","dayTitle":"Day 1 - Upper//Neil"},{"date":"2023-10-16","weight":70,"reps":10,"maxReps":10,"program":"Program 2","dayTitle":"Day 1 - Upper//Neil"},{"date":"2023-10-23","weight":80,"reps":7,"maxReps":7,"program":"Program 2","dayTitle":"Day 1 - Upper//Neil"},{"date":"2023-10-30","weight":80,"reps":7,"maxReps":7,"program":"Program 3","dayTitle":"Day 1 - Upper//Neil"},{"date":"2023-11-06","weight":80,"reps":8,"maxReps":8,"program":"Program 3","dayTitle":"Day 1 - Upper//Neil"},{"date":"2023-11-13","weight":50,"reps":12,"maxReps":15,"program":"Program 3","dayTitle":"Day 1 - Upper//Neil"},{"date":"2023-11-20","weight":80,"reps":8,"maxReps":8,"program":"Program 3","dayTitle":"Day 1 - Upper//Neil"},{"date":"2023-11-27","weight":80,"reps":7,"maxReps":7,"program":"Program 3","dayTitle":"Day 1 - Upper//Neil"},{"date":"2023-12-04","weight":80,"reps":7,"maxReps":7,"program":"Program 3","dayTitle":"Day 1 - Upper//Neil"},{"date":"2023-12-11","weight":70,"reps":10,"maxReps":10,"program":"Program 3","dayTitle":"Day 1 - Upper//Neil"},{"date":"2023-12-18","weight":80,"reps":7,"maxReps":7,"program":"Program 3","dayTitle":"Day 1 - Upper//Neil"},{"date":"2023-12-25","weight":80,"reps":7,"maxReps":7,"program":"Program 3","dayTitle":"Day 1 - Upper//Neil"},{"date":"2024-01-08","weight":80,"reps":7,"maxReps":7,"program":"Program 3","dayTitle":"Day 1 - Upper//Neil"},{"date":"2024-01-15","weight":90,"reps":5,"maxReps":8,"program":"Program 3","dayTitle":"Day 1 - Upper//Neil"},{"date":"2024-01-22","weight":90,"reps":5,"maxReps":8,"program":"Program 3","dayTitle":"Day 1 - Upper//Neil"},{"date":"2024-02-05","weight":80,"reps":8,"maxReps":8,"program":"Program 3","dayTitle":"Day 1 - Upper//Neil"},{"date":"2024-02-12","weight":90,"reps":6,"maxReps":6,"program":"Program 3","dayTitle":"Day 1 - Upper//Neil"},{"date":"2024-03-04","weight":90,"reps":6,"maxReps":6,"program":"Program 3","dayTitle":"Day 1 - Upper//Neil"},{"date":"2024-03-11","weight":90,"reps":6,"maxReps":6,"program":"Program 3","dayTitle":"Day 1 - Upper//Neil"},{"date":"2024-03-25","weight":80,"reps":8,"maxReps":8,"program":"Program 3","dayTitle":"Day 1 - Upper//Neil"},{"date":"2024-04-01","weight":70,"reps":3,"maxReps":10,"program":"Program 3","dayTitle":"Day 1 - Upper//Neil"},{"date":"2024-04-08","weight":60,"reps":10,"maxReps":10,"program":"Program 3","dayTitle":"Day 1 - Upper//Neil"},{"date":"2024-04-15","weight":35,"reps":8,"maxReps":8,"program":"Program 3","dayTitle":"Day 1 - Upper//Neil"},{"date":"2024-04-22","weight":90,"reps":5,"maxReps":12,"program":"Program 3","dayTitle":"Day 1 - Upper//Neil"},{"date":"2024-04-29","weight":90,"reps":6,"maxReps":6,"program":"Program 3","dayTitle":"Day 1 - Upper//Neil"}]},{"name":"Machine Row","sessionCount":26,"peakWeight":180,"firstWeight":55,"lastWeight":50,"entries":[{"date":"2023-10-07","weight":55,"reps":10,"maxReps":10,"program":"Program 2","dayTitle":"Upper/Arms - Neil"},{"date":"2023-10-14","weight":145,"reps":10,"maxReps":10,"program":"Program 2","dayTitle":"Upper/Arms - Neil"},{"date":"2023-10-28","weight":130,"reps":8,"maxReps":10,"program":"Program 2","dayTitle":"Upper/Arms - Neil"},{"date":"2023-11-11","weight":65,"reps":10,"maxReps":10,"program":"Program 3","dayTitle":"Upper/Arms - Neil"},{"date":"2023-11-18","weight":140,"reps":10,"maxReps":10,"program":"Program 3","dayTitle":"Upper/Arms - Neil"},{"date":"2023-12-09","weight":140,"reps":10,"maxReps":10,"program":"Program 3","dayTitle":"Upper/Arms - Neil"},{"date":"2023-12-16","weight":140,"reps":8,"maxReps":8,"program":"Program 3","dayTitle":"Upper/Arms - Neil"},{"date":"2023-12-23","weight":160,"reps":10,"maxReps":10,"program":"Program 3","dayTitle":"Upper/Arms - Neil"},{"date":"2024-01-05","weight":150,"reps":10,"maxReps":10,"program":"Program 3","dayTitle":"Upper/Arms - Neil"},{"date":"2024-01-19","weight":160,"reps":9,"maxReps":10,"program":"Program 3","dayTitle":"Upper/Arms - Neil"},{"date":"2024-02-09","weight":160,"reps":8,"maxReps":10,"program":"Program 3","dayTitle":"Upper/Arms - Neil"},{"date":"2024-02-16","weight":160,"reps":10,"maxReps":10,"program":"Program 3","dayTitle":"Upper/Arms - Neil"},{"date":"2024-03-08","weight":70,"reps":6,"maxReps":10,"program":"Program 3","dayTitle":"Upper/Arms - Neil"},{"date":"2024-03-15","weight":80,"reps":7,"maxReps":10,"program":"Program 3","dayTitle":"Upper/Arms - Neil"},{"date":"2024-03-29","weight":80,"reps":6,"maxReps":8,"program":"Program 3","dayTitle":"Upper/Arms - Neil"},{"date":"2024-04-05","weight":65,"reps":10,"maxReps":14,"program":"Program 3","dayTitle":"Upper/Arms - Neil"},{"date":"2024-04-19","weight":70,"reps":10,"maxReps":10,"program":"Program 3","dayTitle":"Upper/Arms - Neil"},{"date":"2024-04-26","weight":90,"reps":6,"maxReps":8,"program":"Program 3","dayTitle":"Upper/Arms - Neil"},{"date":"2024-05-03","weight":90,"reps":6,"maxReps":6,"program":"Program 3","dayTitle":"Upper/Arms - Neil"},{"date":"2024-05-10","weight":80,"reps":7,"maxReps":10,"program":"Program 3","dayTitle":"Upper/Arms - Neil"},{"date":"2024-11-01","weight":80,"reps":7,"maxReps":12,"program":"Program 5","dayTitle":"Full - Neil"},{"date":"2024-11-15","weight":80,"reps":8,"maxReps":12,"program":"Program 5","dayTitle":"Full - Neil"},{"date":"2024-12-06","weight":70,"reps":12,"maxReps":12,"program":"Program 5","dayTitle":"Full - Neil"},{"date":"2024-12-13","weight":80,"reps":12,"maxReps":12,"program":"Program 5","dayTitle":"Full - Neil"},{"date":"2025-01-10","weight":180,"reps":10,"maxReps":10,"program":"Program 5","dayTitle":"Full - Neil"},{"date":"2025-01-24","weight":50,"reps":12,"maxReps":12,"program":"Program 5","dayTitle":"Full - Neil"}]},{"name":"Machine Preacher Curl","sessionCount":21,"peakWeight":140,"firstWeight":55,"lastWeight":125,"entries":[{"date":"2023-04-17","weight":55,"reps":7,"maxReps":10,"program":"Program 1","dayTitle":"Day 1 - Upper//Neil"},{"date":"2023-04-24","weight":65,"reps":12,"maxReps":12,"program":"Program 1","dayTitle":"Day 1 - Upper//Neil"},{"date":"2023-05-01","weight":65,"reps":12,"maxReps":12,"program":"Program 1","dayTitle":"Day 1 - Upper//Neil"},{"date":"2023-05-08","weight":80,"reps":9,"maxReps":12,"program":"Program 1","dayTitle":"Day 1 - Upper//Neil"},{"date":"2023-05-15","weight":90,"reps":6,"maxReps":12,"program":"Program 1","dayTitle":"Day 1 - Upper//Neil"},{"date":"2023-05-22","weight":95,"reps":8,"maxReps":10,"program":"Program 1","dayTitle":"Day 1 - Upper//Neil"},{"date":"2023-05-29","weight":110,"reps":10,"maxReps":10,"program":"Program 1","dayTitle":"Day 1 - Upper//Neil"},{"date":"2023-06-05","weight":125,"reps":8,"maxReps":8,"program":"Program 1","dayTitle":"Day 1 - Upper//Neil"},{"date":"2023-06-12","weight":130,"reps":5,"maxReps":8,"program":"Program 1","dayTitle":"Day 1 - Upper//Neil"},{"date":"2023-06-19","weight":140,"reps":6,"maxReps":10,"program":"Program 1","dayTitle":"Day 1 - Upper//Neil"},{"date":"2023-07-10","weight":17.5,"reps":6,"maxReps":10,"program":"Program 1","dayTitle":"Day 1 - Upper//Neil"},{"date":"2023-07-17","weight":140,"reps":5,"maxReps":7,"program":"Program 1","dayTitle":"Day 1 - Upper//Neil"},{"date":"2023-07-24","weight":125,"reps":8,"maxReps":8,"program":"Program 1","dayTitle":"Day 1 - Upper//Neil"},{"date":"2023-07-31","weight":125,"reps":8,"maxReps":8,"program":"Program 1","dayTitle":"Day 1 - Upper//Neil"},{"date":"2023-08-07","weight":30,"reps":8,"maxReps":8,"program":"Program 1","dayTitle":"Day 1 - Upper//Neil"},{"date":"2023-08-14","weight":125,"reps":8,"maxReps":8,"program":"Program 1","dayTitle":"Day 1 - Upper//Neil"},{"date":"2023-08-21","weight":125,"reps":8,"maxReps":8,"program":"Program 1","dayTitle":"Day 1 - Upper//Neil"},{"date":"2023-08-28","weight":125,"reps":8,"maxReps":8,"program":"Program 1","dayTitle":"Day 1 - Upper//Neil"},{"date":"2023-09-04","weight":20,"reps":8,"maxReps":30,"program":"Program 2","dayTitle":"Day 1 - Upper//Neil"},{"date":"2023-09-11","weight":125,"reps":10,"maxReps":10,"program":"Program 2","dayTitle":"Day 1 - Upper//Neil"},{"date":"2023-09-25","weight":125,"reps":8,"maxReps":8,"program":"Program 2","dayTitle":"Day 1 - Upper//Neil"}]},{"name":"One Arm Row","sessionCount":21,"peakWeight":85,"firstWeight":45,"lastWeight":85,"entries":[{"date":"2023-04-21","weight":45,"reps":15,"maxReps":15,"program":"Program 1","dayTitle":"Full Body//Neil"},{"date":"2023-04-28","weight":45,"reps":15,"maxReps":15,"program":"Program 1","dayTitle":"Full Body//Neil"},{"date":"2023-05-05","weight":60,"reps":10,"maxReps":15,"program":"Program 1","dayTitle":"Full Body//Neil"},{"date":"2023-05-12","weight":60,"reps":12,"maxReps":12,"program":"Program 1","dayTitle":"Full Body//Neil"},{"date":"2023-05-19","weight":60,"reps":12,"maxReps":12,"program":"Program 1","dayTitle":"Full Body//Neil"},{"date":"2023-05-26","weight":60,"reps":12,"maxReps":12,"program":"Program 1","dayTitle":"Full Body//Neil"},{"date":"2023-06-02","weight":60,"reps":12,"maxReps":12,"program":"Program 1","dayTitle":"Full Body//Neil"},{"date":"2023-06-09","weight":65,"reps":10,"maxReps":10,"program":"Program 1","dayTitle":"Full Body//Neil"},{"date":"2023-06-16","weight":70,"reps":10,"maxReps":10,"program":"Program 1","dayTitle":"Full Body//Neil"},{"date":"2023-06-23","weight":65,"reps":15,"maxReps":15,"program":"Program 1","dayTitle":"Full Body//Neil"},{"date":"2023-06-30","weight":50,"reps":15,"maxReps":15,"program":"Program 1","dayTitle":"Full Body//Neil"},{"date":"2023-07-14","weight":75,"reps":8,"maxReps":8,"program":"Program 1","dayTitle":"Full Body//Neil"},{"date":"2023-07-21","weight":60,"reps":12,"maxReps":12,"program":"Program 1","dayTitle":"Full Body//Neil"},{"date":"2023-07-28","weight":75,"reps":9,"maxReps":9,"program":"Program 1","dayTitle":"Full Body//Neil"},{"date":"2023-08-04","weight":80,"reps":8,"maxReps":8,"program":"Program 1","dayTitle":"Full Body//Neil"},{"date":"2023-08-11","weight":75,"reps":9,"maxReps":9,"program":"Program 1","dayTitle":"Full Body//Neil"},{"date":"2023-08-18","weight":80,"reps":7,"maxReps":7,"program":"Program 1","dayTitle":"Full Body//Neil"},{"date":"2023-08-25","weight":80,"reps":8,"maxReps":8,"program":"Program 1","dayTitle":"Full Body//Neil"},{"date":"2023-09-01","weight":80,"reps":8,"maxReps":8,"program":"Program 2","dayTitle":"Full Body//Neil"},{"date":"2023-09-08","weight":85,"reps":7,"maxReps":7,"program":"Program 2","dayTitle":"Full Body//Neil"},{"date":"2023-09-29","weight":85,"reps":6,"maxReps":6,"program":"Program 2","dayTitle":"Full Body//Neil"}]},{"name":"Low Incline Smith","sessionCount":21,"peakWeight":155,"firstWeight":90,"lastWeight":12,"entries":[{"date":"2024-09-09","weight":90,"reps":8,"maxReps":10,"program":"Program 5","dayTitle":"Uppers 1 - Neil"},{"date":"2024-09-16","weight":55,"reps":10,"maxReps":10,"program":"Program 5","dayTitle":"Uppers 1 - Neil"},{"date":"2024-09-23","weight":155,"reps":4,"maxReps":10,"program":"Program 5","dayTitle":"Uppers 1 - Neil"},{"date":"2024-09-30","weight":135,"reps":6,"maxReps":10,"program":"Program 5","dayTitle":"Uppers 1 - Neil"},{"date":"2024-10-07","weight":115,"reps":8,"maxReps":10,"program":"Program 5","dayTitle":"Uppers 1 - Neil"},{"date":"2024-10-14","weight":115,"reps":3,"maxReps":10,"program":"Program 5","dayTitle":"Uppers 1 - Neil"},{"date":"2024-10-21","weight":12,"reps":5,"maxReps":10,"program":"Program 5","dayTitle":"Uppers 1 - Neil"},{"date":"2024-10-28","weight":135,"reps":6,"maxReps":10,"program":"Program 5","dayTitle":"Uppers 1 - Neil"},{"date":"2024-11-04","weight":145,"reps":5,"maxReps":10,"program":"Program 5","dayTitle":"Uppers 1 - Neil"},{"date":"2024-11-11","weight":145,"reps":5,"maxReps":10,"program":"Program 5","dayTitle":"Uppers 1 - Neil"},{"date":"2024-11-18","weight":125,"reps":6,"maxReps":10,"program":"Program 5","dayTitle":"Uppers 1 - Neil"},{"date":"2024-11-25","weight":12,"reps":5,"maxReps":10,"program":"Program 5","dayTitle":"Uppers 1 - Neil"},{"date":"2024-12-02","weight":135,"reps":6,"maxReps":10,"program":"Program 5","dayTitle":"Uppers 1 - Neil"},{"date":"2024-12-09","weight":70,"reps":10,"maxReps":10,"program":"Program 5","dayTitle":"Uppers 1 - Neil"},{"date":"2024-12-16","weight":135,"reps":6,"maxReps":10,"program":"Program 5","dayTitle":"Uppers 1 - Neil"},{"date":"2024-12-23","weight":135,"reps":6,"maxReps":10,"program":"Program 5","dayTitle":"Uppers 1 - Neil"},{"date":"2024-12-30","weight":12,"reps":5,"maxReps":10,"program":"Program 5","dayTitle":"Uppers 1 - Neil"},{"date":"2025-01-06","weight":45,"reps":6,"maxReps":10,"program":"Program 5","dayTitle":"Uppers 1 - Neil"},{"date":"2025-01-13","weight":45,"reps":5,"maxReps":10,"program":"Program 5","dayTitle":"Uppers 1 - Neil"},{"date":"2025-01-20","weight":110,"reps":10,"maxReps":10,"program":"Program 5","dayTitle":"Uppers 1 - Neil"},{"date":"2025-01-27","weight":12,"reps":5,"maxReps":10,"program":"Program 5","dayTitle":"Uppers 1 - Neil"}]},{"name":"Smith Bent Over Row","sessionCount":21,"peakWeight":155,"firstWeight":15,"lastWeight":15,"entries":[{"date":"2024-09-09","weight":15,"reps":5,"maxReps":12,"program":"Program 5","dayTitle":"Uppers 1 - Neil"},{"date":"2024-09-16","weight":95,"reps":10,"maxReps":12,"program":"Program 5","dayTitle":"Uppers 1 - Neil"},{"date":"2024-09-23","weight":95,"reps":10,"maxReps":12,"program":"Program 5","dayTitle":"Uppers 1 - Neil"},{"date":"2024-09-30","weight":115,"reps":10,"maxReps":12,"program":"Program 5","dayTitle":"Uppers 1 - Neil"},{"date":"2024-10-07","weight":115,"reps":2,"maxReps":12,"program":"Program 5","dayTitle":"Uppers 1 - Neil"},{"date":"2024-10-14","weight":135,"reps":8,"maxReps":12,"program":"Program 5","dayTitle":"Uppers 1 - Neil"},{"date":"2024-10-21","weight":15,"reps":5,"maxReps":12,"program":"Program 5","dayTitle":"Uppers 1 - Neil"},{"date":"2024-10-28","weight":135,"reps":10,"maxReps":12,"program":"Program 5","dayTitle":"Uppers 1 - Neil"},{"date":"2024-11-04","weight":155,"reps":6,"maxReps":12,"program":"Program 5","dayTitle":"Uppers 1 - Neil"},{"date":"2024-11-11","weight":145,"reps":8,"maxReps":12,"program":"Program 5","dayTitle":"Uppers 1 - Neil"},{"date":"2024-11-18","weight":155,"reps":8,"maxReps":12,"program":"Program 5","dayTitle":"Uppers 1 - Neil"},{"date":"2024-11-25","weight":15,"reps":5,"maxReps":12,"program":"Program 5","dayTitle":"Uppers 1 - Neil"},{"date":"2024-12-02","weight":135,"reps":8,"maxReps":12,"program":"Program 5","dayTitle":"Uppers 1 - Neil"},{"date":"2024-12-09","weight":135,"reps":8,"maxReps":12,"program":"Program 5","dayTitle":"Uppers 1 - Neil"},{"date":"2024-12-16","weight":155,"reps":6,"maxReps":12,"program":"Program 5","dayTitle":"Uppers 1 - Neil"},{"date":"2024-12-23","weight":155,"reps":7,"maxReps":12,"program":"Program 5","dayTitle":"Uppers 1 - Neil"},{"date":"2024-12-30","weight":15,"reps":5,"maxReps":12,"program":"Program 5","dayTitle":"Uppers 1 - Neil"},{"date":"2025-01-06","weight":15,"reps":5,"maxReps":12,"program":"Program 5","dayTitle":"Uppers 1 - Neil"},{"date":"2025-01-13","weight":15,"reps":5,"maxReps":12,"program":"Program 5","dayTitle":"Uppers 1 - Neil"},{"date":"2025-01-20","weight":115,"reps":8,"maxReps":12,"program":"Program 5","dayTitle":"Uppers 1 - Neil"},{"date":"2025-01-27","weight":15,"reps":5,"maxReps":12,"program":"Program 5","dayTitle":"Uppers 1 - Neil"}]},{"name":"Cable Curls","sessionCount":21,"peakWeight":130,"firstWeight":90,"lastWeight":6,"entries":[{"date":"2024-09-09","weight":90,"reps":6,"maxReps":30,"program":"Program 5","dayTitle":"Uppers 1 - Neil"},{"date":"2024-09-16","weight":90,"reps":10,"maxReps":30,"program":"Program 5","dayTitle":"Uppers 1 - Neil"},{"date":"2024-09-23","weight":80,"reps":10,"maxReps":30,"program":"Program 5","dayTitle":"Uppers 1 - Neil"},{"date":"2024-09-30","weight":90,"reps":10,"maxReps":30,"program":"Program 5","dayTitle":"Uppers 1 - Neil"},{"date":"2024-10-07","weight":100,"reps":10,"maxReps":30,"program":"Program 5","dayTitle":"Uppers 1 - Neil"},{"date":"2024-10-14","weight":37,"reps":10,"maxReps":30,"program":"Program 5","dayTitle":"Uppers 1 - Neil"},{"date":"2024-10-21","weight":6,"reps":30,"maxReps":30,"program":"Program 5","dayTitle":"Uppers 1 - Neil"},{"date":"2024-10-28","weight":100,"reps":10,"maxReps":30,"program":"Program 5","dayTitle":"Uppers 1 - Neil"},{"date":"2024-11-04","weight":100,"reps":10,"maxReps":30,"program":"Program 5","dayTitle":"Uppers 1 - Neil"},{"date":"2024-11-11","weight":120,"reps":8,"maxReps":30,"program":"Program 5","dayTitle":"Uppers 1 - Neil"},{"date":"2024-11-18","weight":130,"reps":6,"maxReps":30,"program":"Program 5","dayTitle":"Uppers 1 - Neil"},{"date":"2024-11-25","weight":6,"reps":30,"maxReps":30,"program":"Program 5","dayTitle":"Uppers 1 - Neil"},{"date":"2024-12-02","weight":120,"reps":8,"maxReps":30,"program":"Program 5","dayTitle":"Uppers 1 - Neil"},{"date":"2024-12-09","weight":40,"reps":8,"maxReps":30,"program":"Program 5","dayTitle":"Uppers 1 - Neil"},{"date":"2024-12-16","weight":40,"reps":8,"maxReps":30,"program":"Program 5","dayTitle":"Uppers 1 - Neil"},{"date":"2024-12-23","weight":35,"reps":10,"maxReps":30,"program":"Program 5","dayTitle":"Uppers 1 - Neil"},{"date":"2024-12-30","weight":6,"reps":30,"maxReps":30,"program":"Program 5","dayTitle":"Uppers 1 - Neil"},{"date":"2025-01-06","weight":40,"reps":6,"maxReps":30,"program":"Program 5","dayTitle":"Uppers 1 - Neil"},{"date":"2025-01-13","weight":80,"reps":6,"maxReps":30,"program":"Program 5","dayTitle":"Uppers 1 - Neil"},{"date":"2025-01-20","weight":30,"reps":10,"maxReps":30,"program":"Program 5","dayTitle":"Uppers 1 - Neil"},{"date":"2025-01-27","weight":6,"reps":30,"maxReps":30,"program":"Program 5","dayTitle":"Uppers 1 - Neil"}]},{"name":"Seated Hamstring Curl","sessionCount":21,"peakWeight":140,"firstWeight":15,"lastWeight":15,"entries":[{"date":"2024-09-10","weight":15,"reps":5,"maxReps":12,"program":"Program 5","dayTitle":"Lowers"},{"date":"2024-09-17","weight":15,"reps":5,"maxReps":12,"program":"Program 5","dayTitle":"Lowers"},{"date":"2024-09-24","weight":70,"reps":10,"maxReps":12,"program":"Program 5","dayTitle":"Lowers"},{"date":"2024-10-01","weight":15,"reps":5,"maxReps":12,"program":"Program 5","dayTitle":"Lowers"},{"date":"2024-10-08","weight":80,"reps":10,"maxReps":12,"program":"Program 5","dayTitle":"Lowers"},{"date":"2024-10-15","weight":100,"reps":5,"maxReps":12,"program":"Program 5","dayTitle":"Lowers"},{"date":"2024-10-22","weight":88,"reps":8,"maxReps":12,"program":"Program 5","dayTitle":"Lowers"},{"date":"2024-10-29","weight":100,"reps":7,"maxReps":12,"program":"Program 5","dayTitle":"Lowers"},{"date":"2024-11-05","weight":100,"reps":8,"maxReps":12,"program":"Program 5","dayTitle":"Lowers"},{"date":"2024-11-13","weight":110,"reps":6,"maxReps":12,"program":"Program 5","dayTitle":"Lowers"},{"date":"2024-11-20","weight":15,"reps":5,"maxReps":12,"program":"Program 5","dayTitle":"Lowers"},{"date":"2024-11-27","weight":15,"reps":5,"maxReps":12,"program":"Program 5","dayTitle":"Lowers"},{"date":"2024-12-04","weight":140,"reps":6,"maxReps":12,"program":"Program 5","dayTitle":"Lowers"},{"date":"2024-12-11","weight":110,"reps":6,"maxReps":12,"program":"Program 5","dayTitle":"Lowers"},{"date":"2024-12-18","weight":110,"reps":7,"maxReps":12,"program":"Program 5","dayTitle":"Lowers"},{"date":"2024-12-25","weight":110,"reps":7,"maxReps":12,"program":"Program 5","dayTitle":"Lowers"},{"date":"2025-01-01","weight":15,"reps":5,"maxReps":12,"program":"Program 5","dayTitle":"Lowers"},{"date":"2025-01-08","weight":110,"reps":7,"maxReps":12,"program":"Program 5","dayTitle":"Lowers"},{"date":"2025-01-15","weight":15,"reps":5,"maxReps":12,"program":"Program 5","dayTitle":"Lowers"},{"date":"2025-01-22","weight":110,"reps":7,"maxReps":12,"program":"Program 5","dayTitle":"Lowers"},{"date":"2025-01-29","weight":15,"reps":5,"maxReps":12,"program":"Program 5","dayTitle":"Lowers"}]},{"name":"Tricep Crossbody Extension","sessionCount":20,"peakWeight":57.5,"firstWeight":17.5,"lastWeight":22.5,"entries":[{"date":"2023-04-17","weight":17.5,"reps":10,"maxReps":10,"program":"Program 1","dayTitle":"Day 1 - Upper//Neil"},{"date":"2023-04-24","weight":15,"reps":10,"maxReps":12,"program":"Program 1","dayTitle":"Day 1 - Upper//Neil"},{"date":"2023-05-01","weight":17.5,"reps":10,"maxReps":12,"program":"Program 1","dayTitle":"Day 1 - Upper//Neil"},{"date":"2023-05-08","weight":22.5,"reps":7,"maxReps":12,"program":"Program 1","dayTitle":"Day 1 - Upper//Neil"},{"date":"2023-05-15","weight":22.5,"reps":10,"maxReps":12,"program":"Program 1","dayTitle":"Day 1 - Upper//Neil"},{"date":"2023-05-22","weight":22.5,"reps":11,"maxReps":11,"program":"Program 1","dayTitle":"Day 1 - Upper//Neil"},{"date":"2023-05-29","weight":40,"reps":4,"maxReps":4,"program":"Program 1","dayTitle":"Day 1 - Upper//Neil"},{"date":"2023-06-05","weight":22.5,"reps":12,"maxReps":12,"program":"Program 1","dayTitle":"Day 1 - Upper//Neil"},{"date":"2023-06-12","weight":27.5,"reps":5,"maxReps":12,"program":"Program 1","dayTitle":"Day 1 - Upper//Neil"},{"date":"2023-06-19","weight":27.5,"reps":10,"maxReps":12,"program":"Program 1","dayTitle":"Day 1 - Upper//Neil"},{"date":"2023-07-10","weight":22.5,"reps":10,"maxReps":15,"program":"Program 1","dayTitle":"Day 1 - Upper//Neil"},{"date":"2023-07-24","weight":22.5,"reps":12,"maxReps":12,"program":"Program 1","dayTitle":"Day 1 - Upper//Neil"},{"date":"2023-07-31","weight":22.5,"reps":12,"maxReps":12,"program":"Program 1","dayTitle":"Day 1 - Upper//Neil"},{"date":"2023-08-07","weight":57.5,"reps":7,"maxReps":12,"program":"Program 1","dayTitle":"Day 1 - Upper//Neil"},{"date":"2023-08-14","weight":57.5,"reps":9,"maxReps":10,"program":"Program 1","dayTitle":"Day 1 - Upper//Neil"},{"date":"2023-08-21","weight":27.5,"reps":8,"maxReps":10,"program":"Program 1","dayTitle":"Day 1 - Upper//Neil"},{"date":"2023-08-28","weight":22.5,"reps":10,"maxReps":10,"program":"Program 1","dayTitle":"Day 1 - Upper//Neil"},{"date":"2023-09-04","weight":42.5,"reps":12,"maxReps":12,"program":"Program 2","dayTitle":"Day 1 - Upper//Neil"},{"date":"2023-09-11","weight":22.5,"reps":10,"maxReps":10,"program":"Program 2","dayTitle":"Day 1 - Upper//Neil"},{"date":"2023-09-25","weight":22.5,"reps":10,"maxReps":10,"program":"Program 2","dayTitle":"Day 1 - Upper//Neil"}]},{"name":"Walking Lunges","sessionCount":20,"peakWeight":50,"firstWeight":22.5,"lastWeight":45,"entries":[{"date":"2023-04-19","weight":22.5,"reps":9,"maxReps":9,"program":"Program 1","dayTitle":"Day 2 - Lower//Neil"},{"date":"2023-04-26","weight":35,"reps":6,"maxReps":9,"program":"Program 1","dayTitle":"Day 2 - Lower//Neil"},{"date":"2023-05-10","weight":30,"reps":9,"maxReps":9,"program":"Program 1","dayTitle":"Day 2 - Lower//Neil"},{"date":"2023-05-17","weight":35,"reps":9,"maxReps":9,"program":"Program 1","dayTitle":"Day 2 - Lower//Neil"},{"date":"2023-05-24","weight":40,"reps":8,"maxReps":8,"program":"Program 1","dayTitle":"Day 2 - Lower//Neil"},{"date":"2023-05-31","weight":36,"reps":8,"maxReps":8,"program":"Program 1","dayTitle":"Day 2 - Lower//Neil"},{"date":"2023-06-07","weight":45,"reps":6,"maxReps":10,"program":"Program 1","dayTitle":"Day 2 - Lower//Neil"},{"date":"2023-06-14","weight":45,"reps":7,"maxReps":12,"program":"Program 1","dayTitle":"Day 2 - Lower//Neil"},{"date":"2023-06-21","weight":45,"reps":8,"maxReps":15,"program":"Program 1","dayTitle":"Day 2 - Lower//Neil"},{"date":"2023-07-12","weight":45,"reps":8,"maxReps":15,"program":"Program 1","dayTitle":"Day 2 - Lower//Neil"},{"date":"2023-07-19","weight":45,"reps":6,"maxReps":6,"program":"Program 1","dayTitle":"Day 2 - Lower//Neil"},{"date":"2023-07-26","weight":45,"reps":6,"maxReps":6,"program":"Program 1","dayTitle":"Day 2 - Lower//Neil"},{"date":"2023-08-02","weight":45,"reps":7,"maxReps":7,"program":"Program 1","dayTitle":"Day 2 - Lower//Neil"},{"date":"2023-08-09","weight":25,"reps":15,"maxReps":15,"program":"Program 1","dayTitle":"Day 2 - Lower//Neil"},{"date":"2023-08-16","weight":45,"reps":6,"maxReps":6,"program":"Program 1","dayTitle":"Day 2 - Lower//Neil"},{"date":"2023-08-23","weight":45,"reps":7,"maxReps":7,"program":"Program 1","dayTitle":"Day 2 - Lower//Neil"},{"date":"2023-08-30","weight":50,"reps":5,"maxReps":15,"program":"Program 1","dayTitle":"Day 2 - Lower//Neil"},{"date":"2023-09-06","weight":50,"reps":5,"maxReps":5,"program":"Program 2","dayTitle":"Day 2 - Lower//Neil"},{"date":"2023-09-13","weight":45,"reps":6,"maxReps":6,"program":"Program 2","dayTitle":"Day 2 - Lower//Neil"},{"date":"2023-09-27","weight":45,"reps":6,"maxReps":6,"program":"Program 2","dayTitle":"Day 2 - Lower//Neil"}]},{"name":"Machine Row Overhand","sessionCount":20,"peakWeight":135,"firstWeight":105,"lastWeight":30,"entries":[{"date":"2023-05-08","weight":105,"reps":12,"maxReps":12,"program":"Program 1","dayTitle":"Day 1 - Upper//Neil"},{"date":"2023-05-15","weight":55,"reps":10,"maxReps":10,"program":"Program 1","dayTitle":"Day 1 - Upper//Neil"},{"date":"2023-05-22","weight":50,"reps":8,"maxReps":8,"program":"Program 1","dayTitle":"Day 1 - Upper//Neil"},{"date":"2023-05-29","weight":100,"reps":10,"maxReps":10,"program":"Program 1","dayTitle":"Day 1 - Upper//Neil"},{"date":"2023-06-05","weight":95,"reps":10,"maxReps":10,"program":"Program 1","dayTitle":"Day 1 - Upper//Neil"},{"date":"2023-06-12","weight":95,"reps":10,"maxReps":10,"program":"Program 1","dayTitle":"Day 1 - Upper//Neil"},{"date":"2023-06-19","weight":115,"reps":9,"maxReps":10,"program":"Program 1","dayTitle":"Day 1 - Upper//Neil"},{"date":"2023-07-10","weight":20,"reps":10,"maxReps":10,"program":"Program 1","dayTitle":"Day 1 - Upper//Neil"},{"date":"2023-07-17","weight":115,"reps":8,"maxReps":15,"program":"Program 1","dayTitle":"Day 1 - Upper//Neil"},{"date":"2023-07-24","weight":115,"reps":8,"maxReps":12,"program":"Program 1","dayTitle":"Day 1 - Upper//Neil"},{"date":"2023-07-31","weight":115,"reps":8,"maxReps":8,"program":"Program 1","dayTitle":"Day 1 - Upper//Neil"},{"date":"2023-08-07","weight":115,"reps":8,"maxReps":8,"program":"Program 1","dayTitle":"Day 1 - Upper//Neil"},{"date":"2023-08-14","weight":115,"reps":8,"maxReps":8,"program":"Program 1","dayTitle":"Day 1 - Upper//Neil"},{"date":"2023-08-21","weight":135,"reps":8,"maxReps":10,"program":"Program 1","dayTitle":"Day 1 - Upper//Neil"},{"date":"2023-08-28","weight":115,"reps":6,"maxReps":6,"program":"Program 1","dayTitle":"Day 1 - Upper//Neil"},{"date":"2023-09-04","weight":115,"reps":8,"maxReps":8,"program":"Program 2","dayTitle":"Day 1 - Upper//Neil"},{"date":"2023-09-11","weight":95,"reps":10,"maxReps":10,"program":"Program 2","dayTitle":"Day 1 - Upper//Neil"},{"date":"2023-09-25","weight":115,"reps":10,"maxReps":10,"program":"Program 2","dayTitle":"Day 1 - Upper//Neil"},{"date":"2024-05-08","weight":95,"reps":10,"maxReps":10,"program":"Program 3","dayTitle":"Pull - Neil"},{"date":"2024-05-15","weight":30,"reps":10,"maxReps":10,"program":"Program 3","dayTitle":"Pull - Neil"}]},{"name":"45 Degree Incline DB Press","sessionCount":20,"peakWeight":135,"firstWeight":40,"lastWeight":55,"entries":[{"date":"2023-10-07","weight":40,"reps":10,"maxReps":10,"program":"Program 2","dayTitle":"Upper/Arms - Neil"},{"date":"2023-10-14","weight":45,"reps":10,"maxReps":10,"program":"Program 2","dayTitle":"Upper/Arms - Neil"},{"date":"2023-10-28","weight":50,"reps":10,"maxReps":10,"program":"Program 2","dayTitle":"Upper/Arms - Neil"},{"date":"2023-11-11","weight":55,"reps":10,"maxReps":10,"program":"Program 3","dayTitle":"Upper/Arms - Neil"},{"date":"2023-11-18","weight":55,"reps":10,"maxReps":10,"program":"Program 3","dayTitle":"Upper/Arms - Neil"},{"date":"2023-12-09","weight":55,"reps":10,"maxReps":10,"program":"Program 3","dayTitle":"Upper/Arms - Neil"},{"date":"2023-12-16","weight":55,"reps":8,"maxReps":8,"program":"Program 3","dayTitle":"Upper/Arms - Neil"},{"date":"2023-12-23","weight":55,"reps":10,"maxReps":10,"program":"Program 3","dayTitle":"Upper/Arms - Neil"},{"date":"2024-01-05","weight":135,"reps":4,"maxReps":10,"program":"Program 3","dayTitle":"Upper/Arms - Neil"},{"date":"2024-01-19","weight":135,"reps":6,"maxReps":10,"program":"Program 3","dayTitle":"Upper/Arms - Neil"},{"date":"2024-02-09","weight":50,"reps":10,"maxReps":30,"program":"Program 3","dayTitle":"Upper/Arms - Neil"},{"date":"2024-02-16","weight":50,"reps":10,"maxReps":10,"program":"Program 3","dayTitle":"Upper/Arms - Neil"},{"date":"2024-03-08","weight":55,"reps":10,"maxReps":10,"program":"Program 3","dayTitle":"Upper/Arms - Neil"},{"date":"2024-03-15","weight":115,"reps":8,"maxReps":8,"program":"Program 3","dayTitle":"Upper/Arms - Neil"},{"date":"2024-03-29","weight":60,"reps":50,"maxReps":50,"program":"Program 3","dayTitle":"Upper/Arms - Neil"},{"date":"2024-04-05","weight":50,"reps":10,"maxReps":10,"program":"Program 3","dayTitle":"Upper/Arms - Neil"},{"date":"2024-04-19","weight":50,"reps":10,"maxReps":10,"program":"Program 3","dayTitle":"Upper/Arms - Neil"},{"date":"2024-04-26","weight":55,"reps":8,"maxReps":8,"program":"Program 3","dayTitle":"Upper/Arms - Neil"},{"date":"2024-05-03","weight":60,"reps":12,"maxReps":12,"program":"Program 3","dayTitle":"Upper/Arms - Neil"},{"date":"2024-05-10","weight":55,"reps":8,"maxReps":8,"program":"Program 3","dayTitle":"Upper/Arms - Neil"}]},{"name":"Seated Bicep Curls ( 2 second pause at the top)","sessionCount":20,"peakWeight":40,"firstWeight":30,"lastWeight":40,"entries":[{"date":"2023-10-07","weight":30,"reps":8,"maxReps":8,"program":"Program 2","dayTitle":"Upper/Arms - Neil"},{"date":"2023-10-14","weight":30,"reps":8,"maxReps":8,"program":"Program 2","dayTitle":"Upper/Arms - Neil"},{"date":"2023-10-28","weight":35,"reps":7,"maxReps":7,"program":"Program 2","dayTitle":"Upper/Arms - Neil"},{"date":"2023-11-11","weight":40,"reps":5,"maxReps":5,"program":"Program 3","dayTitle":"Upper/Arms - Neil"},{"date":"2023-11-18","weight":40,"reps":6,"maxReps":6,"program":"Program 3","dayTitle":"Upper/Arms - Neil"},{"date":"2023-12-09","weight":40,"reps":6,"maxReps":6,"program":"Program 3","dayTitle":"Upper/Arms - Neil"},{"date":"2023-12-16","weight":40,"reps":6,"maxReps":6,"program":"Program 3","dayTitle":"Upper/Arms - Neil"},{"date":"2023-12-23","weight":40,"reps":6,"maxReps":6,"program":"Program 3","dayTitle":"Upper/Arms - Neil"},{"date":"2024-01-05","weight":40,"reps":7,"maxReps":7,"program":"Program 3","dayTitle":"Upper/Arms - Neil"},{"date":"2024-01-19","weight":40,"reps":7,"maxReps":7,"program":"Program 3","dayTitle":"Upper/Arms - Neil"},{"date":"2024-02-09","weight":40,"reps":4,"maxReps":4,"program":"Program 3","dayTitle":"Upper/Arms - Neil"},{"date":"2024-02-16","weight":40,"reps":6,"maxReps":6,"program":"Program 3","dayTitle":"Upper/Arms - Neil"},{"date":"2024-03-08","weight":40,"reps":6,"maxReps":6,"program":"Program 3","dayTitle":"Upper/Arms - Neil"},{"date":"2024-03-15","weight":40,"reps":6,"maxReps":6,"program":"Program 3","dayTitle":"Upper/Arms - Neil"},{"date":"2024-03-29","weight":40,"reps":6,"maxReps":6,"program":"Program 3","dayTitle":"Upper/Arms - Neil"},{"date":"2024-04-05","weight":40,"reps":7,"maxReps":7,"program":"Program 3","dayTitle":"Upper/Arms - Neil"},{"date":"2024-04-19","weight":40,"reps":7,"maxReps":7,"program":"Program 3","dayTitle":"Upper/Arms - Neil"},{"date":"2024-04-26","weight":40,"reps":6,"maxReps":6,"program":"Program 3","dayTitle":"Upper/Arms - Neil"},{"date":"2024-05-03","weight":40,"reps":6,"maxReps":6,"program":"Program 3","dayTitle":"Upper/Arms - Neil"},{"date":"2024-05-10","weight":40,"reps":6,"maxReps":6,"program":"Program 3","dayTitle":"Upper/Arms - Neil"}]},{"name":"Lying Tricep Extensions","sessionCount":20,"peakWeight":110,"firstWeight":17.5,"lastWeight":65,"entries":[{"date":"2023-10-07","weight":17.5,"reps":15,"maxReps":15,"program":"Program 2","dayTitle":"Upper/Arms - Neil"},{"date":"2023-10-14","weight":20,"reps":15,"maxReps":15,"program":"Program 2","dayTitle":"Upper/Arms - Neil"},{"date":"2023-10-28","weight":25,"reps":10,"maxReps":10,"program":"Program 2","dayTitle":"Upper/Arms - Neil"},{"date":"2023-11-11","weight":50,"reps":10,"maxReps":10,"program":"Program 3","dayTitle":"Upper/Arms - Neil"},{"date":"2023-11-18","weight":60,"reps":10,"maxReps":10,"program":"Program 3","dayTitle":"Upper/Arms - Neil"},{"date":"2023-12-09","weight":60,"reps":10,"maxReps":10,"program":"Program 3","dayTitle":"Upper/Arms - Neil"},{"date":"2023-12-16","weight":50,"reps":15,"maxReps":15,"program":"Program 3","dayTitle":"Upper/Arms - Neil"},{"date":"2023-12-23","weight":50,"reps":15,"maxReps":15,"program":"Program 3","dayTitle":"Upper/Arms - Neil"},{"date":"2024-01-05","weight":55,"reps":10,"maxReps":10,"program":"Program 3","dayTitle":"Upper/Arms - Neil"},{"date":"2024-01-19","weight":60,"reps":15,"maxReps":15,"program":"Program 3","dayTitle":"Upper/Arms - Neil"},{"date":"2024-02-09","weight":110,"reps":8,"maxReps":8,"program":"Program 3","dayTitle":"Upper/Arms - Neil"},{"date":"2024-02-16","weight":60,"reps":15,"maxReps":15,"program":"Program 3","dayTitle":"Upper/Arms - Neil"},{"date":"2024-03-08","weight":60,"reps":15,"maxReps":15,"program":"Program 3","dayTitle":"Upper/Arms - Neil"},{"date":"2024-03-15","weight":60,"reps":15,"maxReps":15,"program":"Program 3","dayTitle":"Upper/Arms - Neil"},{"date":"2024-03-29","weight":70,"reps":10,"maxReps":10,"program":"Program 3","dayTitle":"Upper/Arms - Neil"},{"date":"2024-04-05","weight":55,"reps":15,"maxReps":15,"program":"Program 3","dayTitle":"Upper/Arms - Neil"},{"date":"2024-04-19","weight":55,"reps":15,"maxReps":15,"program":"Program 3","dayTitle":"Upper/Arms - Neil"},{"date":"2024-04-26","weight":65,"reps":12,"maxReps":15,"program":"Program 3","dayTitle":"Upper/Arms - Neil"},{"date":"2024-05-03","weight":65,"reps":15,"maxReps":15,"program":"Program 3","dayTitle":"Upper/Arms - Neil"},{"date":"2024-05-10","weight":65,"reps":15,"maxReps":15,"program":"Program 3","dayTitle":"Upper/Arms - Neil"}]},{"name":"Hammer Curls : As minimal sets as possible x 20-30 reps","sessionCount":20,"peakWeight":45,"firstWeight":15,"lastWeight":27.5,"entries":[{"date":"2023-10-07","weight":15,"reps":30,"maxReps":30,"program":"Program 2","dayTitle":"Upper/Arms - Neil"},{"date":"2023-10-14","weight":35,"reps":12,"maxReps":12,"program":"Program 2","dayTitle":"Upper/Arms - Neil"},{"date":"2023-10-28","weight":40,"reps":7,"maxReps":7,"program":"Program 2","dayTitle":"Upper/Arms - Neil"},{"date":"2023-11-11","weight":45,"reps":6,"maxReps":6,"program":"Program 3","dayTitle":"Upper/Arms - Neil"},{"date":"2023-11-18","weight":45,"reps":6,"maxReps":6,"program":"Program 3","dayTitle":"Upper/Arms - Neil"},{"date":"2023-12-09","weight":45,"reps":5,"maxReps":10,"program":"Program 3","dayTitle":"Upper/Arms - Neil"},{"date":"2023-12-16","weight":45,"reps":4,"maxReps":8,"program":"Program 3","dayTitle":"Upper/Arms - Neil"},{"date":"2023-12-23","weight":40,"reps":8,"maxReps":8,"program":"Program 3","dayTitle":"Upper/Arms - Neil"},{"date":"2024-01-05","weight":35,"reps":10,"maxReps":10,"program":"Program 3","dayTitle":"Upper/Arms - Neil"},{"date":"2024-01-19","weight":35,"reps":10,"maxReps":10,"program":"Program 3","dayTitle":"Upper/Arms - Neil"},{"date":"2024-02-09","weight":40,"reps":3,"maxReps":10,"program":"Program 3","dayTitle":"Upper/Arms - Neil"},{"date":"2024-02-16","weight":45,"reps":3,"maxReps":10,"program":"Program 3","dayTitle":"Upper/Arms - Neil"},{"date":"2024-03-08","weight":45,"reps":6,"maxReps":6,"program":"Program 3","dayTitle":"Upper/Arms - Neil"},{"date":"2024-03-15","weight":45,"reps":7,"maxReps":7,"program":"Program 3","dayTitle":"Upper/Arms - Neil"},{"date":"2024-03-29","weight":45,"reps":7,"maxReps":7,"program":"Program 3","dayTitle":"Upper/Arms - Neil"},{"date":"2024-04-05","weight":45,"reps":7,"maxReps":7,"program":"Program 3","dayTitle":"Upper/Arms - Neil"},{"date":"2024-04-19","weight":45,"reps":7,"maxReps":10,"program":"Program 3","dayTitle":"Upper/Arms - Neil"},{"date":"2024-04-26","weight":45,"reps":7,"maxReps":7,"program":"Program 3","dayTitle":"Upper/Arms - Neil"},{"date":"2024-05-03","weight":45,"reps":6,"maxReps":6,"program":"Program 3","dayTitle":"Upper/Arms - Neil"},{"date":"2024-05-10","weight":27.5,"reps":15,"maxReps":15,"program":"Program 3","dayTitle":"Upper/Arms - Neil"}]},{"name":"OHP","sessionCount":19,"peakWeight":95,"firstWeight":45,"lastWeight":55,"entries":[{"date":"2023-04-17","weight":45,"reps":10,"maxReps":10,"program":"Program 1","dayTitle":"Day 1 - Upper//Neil"},{"date":"2023-04-24","weight":65,"reps":9,"maxReps":9,"program":"Program 1","dayTitle":"Day 1 - Upper//Neil"},{"date":"2023-05-01","weight":65,"reps":8,"maxReps":9,"program":"Program 1","dayTitle":"Day 1 - Upper//Neil"},{"date":"2023-05-08","weight":75,"reps":7,"maxReps":10,"program":"Program 1","dayTitle":"Day 1 - Upper//Neil"},{"date":"2023-05-15","weight":85,"reps":5,"maxReps":8,"program":"Program 1","dayTitle":"Day 1 - Upper//Neil"},{"date":"2023-05-22","weight":85,"reps":6,"maxReps":7,"program":"Program 1","dayTitle":"Day 1 - Upper//Neil"},{"date":"2023-05-29","weight":85,"reps":5,"maxReps":8,"program":"Program 1","dayTitle":"Day 1 - Upper//Neil"},{"date":"2023-06-05","weight":95,"reps":4,"maxReps":5,"program":"Program 1","dayTitle":"Day 1 - Upper//Neil"},{"date":"2023-06-12","weight":75,"reps":8,"maxReps":8,"program":"Program 1","dayTitle":"Day 1 - Upper//Neil"},{"date":"2023-06-19","weight":95,"reps":6,"maxReps":10,"program":"Program 1","dayTitle":"Day 1 - Upper//Neil"},{"date":"2023-07-10","weight":20,"reps":10,"maxReps":10,"program":"Program 1","dayTitle":"Day 1 - Upper//Neil"},{"date":"2023-07-17","weight":85,"reps":8,"maxReps":12,"program":"Program 1","dayTitle":"Day 1 - Upper//Neil"},{"date":"2023-07-24","weight":85,"reps":8,"maxReps":10,"program":"Program 1","dayTitle":"Day 1 - Upper//Neil"},{"date":"2023-07-31","weight":85,"reps":6,"maxReps":15,"program":"Program 1","dayTitle":"Day 1 - Upper//Neil"},{"date":"2023-08-07","weight":85,"reps":5,"maxReps":10,"program":"Program 1","dayTitle":"Day 1 - Upper//Neil"},{"date":"2023-08-14","weight":75,"reps":10,"maxReps":10,"program":"Program 1","dayTitle":"Day 1 - Upper//Neil"},{"date":"2023-08-21","weight":65,"reps":10,"maxReps":10,"program":"Program 1","dayTitle":"Day 1 - Upper//Neil"},{"date":"2023-09-11","weight":45,"reps":14,"maxReps":14,"program":"Program 2","dayTitle":"Day 1 - Upper//Neil"},{"date":"2023-09-25","weight":55,"reps":15,"maxReps":15,"program":"Program 2","dayTitle":"Day 1 - Upper//Neil"}]},{"name":"Face Pulls","sessionCount":19,"peakWeight":100,"firstWeight":42.5,"lastWeight":95,"entries":[{"date":"2023-10-07","weight":42.5,"reps":20,"maxReps":20,"program":"Program 2","dayTitle":"Upper/Arms - Neil"},{"date":"2023-10-14","weight":40,"reps":10,"maxReps":10,"program":"Program 2","dayTitle":"Upper/Arms - Neil"},{"date":"2023-10-28","weight":35,"reps":15,"maxReps":15,"program":"Program 2","dayTitle":"Upper/Arms - Neil"},{"date":"2023-11-11","weight":40,"reps":20,"maxReps":20,"program":"Program 3","dayTitle":"Upper/Arms - Neil"},{"date":"2023-11-18","weight":50,"reps":20,"maxReps":20,"program":"Program 3","dayTitle":"Upper/Arms - Neil"},{"date":"2023-12-09","weight":60,"reps":20,"maxReps":20,"program":"Program 3","dayTitle":"Upper/Arms - Neil"},{"date":"2023-12-16","weight":70,"reps":17,"maxReps":20,"program":"Program 3","dayTitle":"Upper/Arms - Neil"},{"date":"2023-12-23","weight":100,"reps":10,"maxReps":10,"program":"Program 3","dayTitle":"Upper/Arms - Neil"},{"date":"2024-01-05","weight":60,"reps":20,"maxReps":20,"program":"Program 3","dayTitle":"Upper/Arms - Neil"},{"date":"2024-01-19","weight":70,"reps":20,"maxReps":20,"program":"Program 3","dayTitle":"Upper/Arms - Neil"},{"date":"2024-02-09","weight":80,"reps":16,"maxReps":20,"program":"Program 3","dayTitle":"Upper/Arms - Neil"},{"date":"2024-02-16","weight":80,"reps":16,"maxReps":16,"program":"Program 3","dayTitle":"Upper/Arms - Neil"},{"date":"2024-03-08","weight":80,"reps":20,"maxReps":20,"program":"Program 3","dayTitle":"Upper/Arms - Neil"},{"date":"2024-03-15","weight":80,"reps":20,"maxReps":20,"program":"Program 3","dayTitle":"Upper/Arms - Neil"},{"date":"2024-03-29","weight":85,"reps":20,"maxReps":20,"program":"Program 3","dayTitle":"Upper/Arms - Neil"},{"date":"2024-04-05","weight":75,"reps":20,"maxReps":20,"program":"Program 3","dayTitle":"Upper/Arms - Neil"},{"date":"2024-04-19","weight":85,"reps":20,"maxReps":20,"program":"Program 3","dayTitle":"Upper/Arms - Neil"},{"date":"2024-04-26","weight":95,"reps":16,"maxReps":20,"program":"Program 3","dayTitle":"Upper/Arms - Neil"},{"date":"2024-05-03","weight":95,"reps":18,"maxReps":18,"program":"Program 3","dayTitle":"Upper/Arms - Neil"}]},{"name":"Overhead Tricep Extension : As minimal sets as possible x 20-30 reps","sessionCount":19,"peakWeight":115,"firstWeight":35,"lastWeight":105,"entries":[{"date":"2023-10-07","weight":35,"reps":10,"maxReps":10,"program":"Program 2","dayTitle":"Upper/Arms - Neil"},{"date":"2023-10-14","weight":42.5,"reps":10,"maxReps":10,"program":"Program 2","dayTitle":"Upper/Arms - Neil"},{"date":"2023-10-28","weight":50,"reps":10,"maxReps":10,"program":"Program 2","dayTitle":"Upper/Arms - Neil"},{"date":"2023-11-11","weight":50,"reps":8,"maxReps":15,"program":"Program 3","dayTitle":"Upper/Arms - Neil"},{"date":"2023-11-18","weight":42.5,"reps":15,"maxReps":15,"program":"Program 3","dayTitle":"Upper/Arms - Neil"},{"date":"2023-12-09","weight":90,"reps":10,"maxReps":15,"program":"Program 3","dayTitle":"Upper/Arms - Neil"},{"date":"2023-12-16","weight":100,"reps":7,"maxReps":10,"program":"Program 3","dayTitle":"Upper/Arms - Neil"},{"date":"2023-12-23","weight":110,"reps":5,"maxReps":13,"program":"Program 3","dayTitle":"Upper/Arms - Neil"},{"date":"2024-01-05","weight":100,"reps":8,"maxReps":8,"program":"Program 3","dayTitle":"Upper/Arms - Neil"},{"date":"2024-01-19","weight":100,"reps":10,"maxReps":10,"program":"Program 3","dayTitle":"Upper/Arms - Neil"},{"date":"2024-02-16","weight":110,"reps":10,"maxReps":10,"program":"Program 3","dayTitle":"Upper/Arms - Neil"},{"date":"2024-03-08","weight":95,"reps":10,"maxReps":20,"program":"Program 3","dayTitle":"Upper/Arms - Neil"},{"date":"2024-03-15","weight":90,"reps":10,"maxReps":15,"program":"Program 3","dayTitle":"Upper/Arms - Neil"},{"date":"2024-03-29","weight":115,"reps":4,"maxReps":10,"program":"Program 3","dayTitle":"Upper/Arms - Neil"},{"date":"2024-04-05","weight":115,"reps":7,"maxReps":10,"program":"Program 3","dayTitle":"Upper/Arms - Neil"},{"date":"2024-04-19","weight":100,"reps":12,"maxReps":18,"program":"Program 3","dayTitle":"Upper/Arms - Neil"},{"date":"2024-04-26","weight":105,"reps":6,"maxReps":10,"program":"Program 3","dayTitle":"Upper/Arms - Neil"},{"date":"2024-05-03","weight":100,"reps":8,"maxReps":10,"program":"Program 3","dayTitle":"Upper/Arms - Neil"},{"date":"2024-05-10","weight":105,"reps":8,"maxReps":10,"program":"Program 3","dayTitle":"Upper/Arms - Neil"}]},{"name":"Machine Lateral Raise","sessionCount":19,"peakWeight":118,"firstWeight":50,"lastWeight":118,"entries":[{"date":"2024-05-06","weight":50,"reps":14,"maxReps":14,"program":"Program 3","dayTitle":"Push - Neil"},{"date":"2024-05-13","weight":55,"reps":12,"maxReps":12,"program":"Program 3","dayTitle":"Push - Neil"},{"date":"2024-05-20","weight":60,"reps":10,"maxReps":12,"program":"Program 4","dayTitle":"Push - Neil"},{"date":"2024-05-27","weight":60,"reps":10,"maxReps":10,"program":"Program 4","dayTitle":"Push - Neil"},{"date":"2024-06-03","weight":50,"reps":10,"maxReps":10,"program":"Program 4","dayTitle":"Push - Neil"},{"date":"2024-06-10","weight":55,"reps":10,"maxReps":10,"program":"Program 4","dayTitle":"Push - Neil"},{"date":"2024-06-17","weight":30,"reps":7,"maxReps":10,"program":"Program 4","dayTitle":"Push - Neil"},{"date":"2024-06-24","weight":60,"reps":10,"maxReps":10,"program":"Program 4","dayTitle":"Push - Neil"},{"date":"2024-07-01","weight":65,"reps":10,"maxReps":10,"program":"Program 4","dayTitle":"Push - Neil"},{"date":"2024-07-08","weight":70,"reps":10,"maxReps":10,"program":"Program 4","dayTitle":"Push - Neil"},{"date":"2024-07-15","weight":70,"reps":6,"maxReps":6,"program":"Program 4","dayTitle":"Push - Neil"},{"date":"2024-07-22","weight":70,"reps":8,"maxReps":8,"program":"Program 4","dayTitle":"Push - Neil"},{"date":"2024-08-05","weight":118,"reps":15,"maxReps":15,"program":"Program 4","dayTitle":"Push - Neil"},{"date":"2024-09-12","weight":30,"reps":19,"maxReps":19,"program":"Program 5","dayTitle":"Uppers 2 - Neil"},{"date":"2024-09-19","weight":20,"reps":25,"maxReps":25,"program":"Program 5","dayTitle":"Uppers 2 - Neil"},{"date":"2024-09-26","weight":48,"reps":25,"maxReps":25,"program":"Program 5","dayTitle":"Uppers 2 - Neil"},{"date":"2024-10-10","weight":48,"reps":25,"maxReps":25,"program":"Program 5","dayTitle":"Uppers 2 - Neil"},{"date":"2024-10-17","weight":78,"reps":15,"maxReps":25,"program":"Program 5","dayTitle":"Uppers 2 - Neil"},{"date":"2024-10-24","weight":118,"reps":20,"maxReps":20,"program":"Program 5","dayTitle":"Uppers 2 - Neil"}]},{"name":"Dumbbell Lateral Raise","sessionCount":18,"peakWeight":30,"firstWeight":20,"lastWeight":27.5,"entries":[{"date":"2023-04-17","weight":20,"reps":12,"maxReps":12,"program":"Program 1","dayTitle":"Day 1 - Upper//Neil"},{"date":"2023-04-24","weight":15,"reps":12,"maxReps":12,"program":"Program 1","dayTitle":"Day 1 - Upper//Neil"},{"date":"2023-05-15","weight":10,"reps":25,"maxReps":25,"program":"Program 1","dayTitle":"Day 1 - Upper//Neil"},{"date":"2023-05-29","weight":30,"reps":6,"maxReps":6,"program":"Program 1","dayTitle":"Day 1 - Upper//Neil"},{"date":"2023-06-05","weight":30,"reps":25,"maxReps":30,"program":"Program 1","dayTitle":"Day 1 - Upper//Neil"},{"date":"2023-06-12","weight":25,"reps":10,"maxReps":10,"program":"Program 1","dayTitle":"Day 1 - Upper//Neil"},{"date":"2023-06-19","weight":25,"reps":10,"maxReps":10,"program":"Program 1","dayTitle":"Day 1 - Upper//Neil"},{"date":"2023-07-10","weight":15,"reps":8,"maxReps":10,"program":"Program 1","dayTitle":"Day 1 - Upper//Neil"},{"date":"2023-07-17","weight":25,"reps":10,"maxReps":10,"program":"Program 1","dayTitle":"Day 1 - Upper//Neil"},{"date":"2023-07-24","weight":27.5,"reps":10,"maxReps":10,"program":"Program 1","dayTitle":"Day 1 - Upper//Neil"},{"date":"2023-07-31","weight":25,"reps":10,"maxReps":10,"program":"Program 1","dayTitle":"Day 1 - Upper//Neil"},{"date":"2023-08-07","weight":25,"reps":10,"maxReps":10,"program":"Program 1","dayTitle":"Day 1 - Upper//Neil"},{"date":"2023-08-14","weight":27.5,"reps":10,"maxReps":10,"program":"Program 1","dayTitle":"Day 1 - Upper//Neil"},{"date":"2023-08-21","weight":30,"reps":7,"maxReps":10,"program":"Program 1","dayTitle":"Day 1 - Upper//Neil"},{"date":"2023-08-28","weight":25,"reps":10,"maxReps":10,"program":"Program 1","dayTitle":"Day 1 - Upper//Neil"},{"date":"2023-09-04","weight":30,"reps":10,"maxReps":10,"program":"Program 2","dayTitle":"Day 1 - Upper//Neil"},{"date":"2023-09-11","weight":25,"reps":10,"maxReps":10,"program":"Program 2","dayTitle":"Day 1 - Upper//Neil"},{"date":"2023-09-25","weight":27.5,"reps":10,"maxReps":10,"program":"Program 2","dayTitle":"Day 1 - Upper//Neil"}]},{"name":"Rack Deadlift","sessionCount":18,"peakWeight":185,"firstWeight":135,"lastWeight":175,"entries":[{"date":"2023-11-22","weight":135,"reps":10,"maxReps":10,"program":"Program 3","dayTitle":"Day 2 - Lower//Neil"},{"date":"2023-12-13","weight":155,"reps":10,"maxReps":10,"program":"Program 3","dayTitle":"Day 2 - Lower//Neil"},{"date":"2023-12-20","weight":165,"reps":8,"maxReps":10,"program":"Program 3","dayTitle":"Day 2 - Lower//Neil"},{"date":"2023-12-27","weight":115,"reps":10,"maxReps":10,"program":"Program 3","dayTitle":"Day 2 - Lower//Neil"},{"date":"2024-01-03","weight":155,"reps":7,"maxReps":10,"program":"Program 3","dayTitle":"Day 2 - Lower//Neil"},{"date":"2024-01-10","weight":175,"reps":8,"maxReps":10,"program":"Program 3","dayTitle":"Day 2 - Lower//Neil"},{"date":"2024-01-17","weight":185,"reps":6,"maxReps":10,"program":"Program 3","dayTitle":"Day 2 - Lower//Neil"},{"date":"2024-01-24","weight":185,"reps":6,"maxReps":10,"program":"Program 3","dayTitle":"Day 2 - Lower//Neil"},{"date":"2024-02-07","weight":185,"reps":4,"maxReps":10,"program":"Program 3","dayTitle":"Day 2 - Lower//Neil"},{"date":"2024-02-14","weight":115,"reps":10,"maxReps":10,"program":"Program 3","dayTitle":"Day 2 - Lower//Neil"},{"date":"2024-03-06","weight":175,"reps":8,"maxReps":10,"program":"Program 3","dayTitle":"Day 2 - Lower//Neil"},{"date":"2024-03-13","weight":155,"reps":6,"maxReps":10,"program":"Program 3","dayTitle":"Day 2 - Lower//Neil"},{"date":"2024-03-20","weight":135,"reps":8,"maxReps":8,"program":"Program 3","dayTitle":"Day 2 - Lower//Neil"},{"date":"2024-03-27","weight":135,"reps":8,"maxReps":8,"program":"Program 3","dayTitle":"Day 2 - Lower//Neil"},{"date":"2024-04-03","weight":155,"reps":8,"maxReps":15,"program":"Program 3","dayTitle":"Day 2 - Lower//Neil"},{"date":"2024-04-17","weight":155,"reps":6,"maxReps":10,"program":"Program 3","dayTitle":"Day 2 - Lower//Neil"},{"date":"2024-04-24","weight":165,"reps":4,"maxReps":12,"program":"Program 3","dayTitle":"Day 2 - Lower//Neil"},{"date":"2024-05-01","weight":175,"reps":5,"maxReps":10,"program":"Program 3","dayTitle":"Day 2 - Lower//Neil"}]},{"name":"Dumbbell Split Squat","sessionCount":17,"peakWeight":55,"firstWeight":40,"lastWeight":55,"entries":[{"date":"2024-05-11","weight":40,"reps":6,"maxReps":8,"program":"Program 3","dayTitle":"Lower - Neil"},{"date":"2024-05-18","weight":40,"reps":8,"maxReps":8,"program":"Program 3","dayTitle":"Lower - Neil"},{"date":"2024-05-25","weight":45,"reps":8,"maxReps":8,"program":"Program 4","dayTitle":"Lower - Neil"},{"date":"2024-06-01","weight":45,"reps":8,"maxReps":8,"program":"Program 4","dayTitle":"Lower - Neil"},{"date":"2024-06-08","weight":50,"reps":6,"maxReps":7,"program":"Program 4","dayTitle":"Lower - Neil"},{"date":"2024-06-15","weight":50,"reps":6,"maxReps":6,"program":"Program 4","dayTitle":"Lower - Neil"},{"date":"2024-06-22","weight":50,"reps":8,"maxReps":8,"program":"Program 4","dayTitle":"Lower - Neil"},{"date":"2024-06-29","weight":50,"reps":8,"maxReps":8,"program":"Program 4","dayTitle":"Lower - Neil"},{"date":"2024-07-06","weight":50,"reps":8,"maxReps":8,"program":"Program 4","dayTitle":"Lower - Neil"},{"date":"2024-07-20","weight":55,"reps":8,"maxReps":8,"program":"Program 4","dayTitle":"Lower - Neil"},{"date":"2024-07-27","weight":50,"reps":8,"maxReps":8,"program":"Program 4","dayTitle":"Lower - Neil"},{"date":"2024-09-20","weight":40,"reps":7,"maxReps":7,"program":"Program 5","dayTitle":"Lower - Neil"},{"date":"2024-09-27","weight":50,"reps":6,"maxReps":6,"program":"Program 5","dayTitle":"Lower - Neil"},{"date":"2024-10-25","weight":50,"reps":6,"maxReps":6,"program":"Program 5","dayTitle":"Lower - Neil"},{"date":"2024-11-01","weight":55,"reps":6,"maxReps":6,"program":"Program 5","dayTitle":"Full - Neil"},{"date":"2024-12-13","weight":55,"reps":6,"maxReps":6,"program":"Program 5","dayTitle":"Full - Neil"},{"date":"2025-01-10","weight":55,"reps":6,"maxReps":6,"program":"Program 5","dayTitle":"Full - Neil"}]},{"name":"DB Bench Press","sessionCount":17,"peakWeight":135,"firstWeight":65,"lastWeight":65,"entries":[{"date":"2024-09-09","weight":65,"reps":6,"maxReps":9,"program":"Program 5","dayTitle":"Uppers 1 - Neil"},{"date":"2024-09-16","weight":135,"reps":6,"maxReps":6,"program":"Program 5","dayTitle":"Uppers 1 - Neil"},{"date":"2024-09-23","weight":60,"reps":6,"maxReps":6,"program":"Program 5","dayTitle":"Uppers 1 - Neil"},{"date":"2024-09-30","weight":70,"reps":8,"maxReps":10,"program":"Program 5","dayTitle":"Uppers 1 - Neil"},{"date":"2024-10-07","weight":70,"reps":6,"maxReps":6,"program":"Program 5","dayTitle":"Uppers 1 - Neil"},{"date":"2024-10-14","weight":60,"reps":8,"maxReps":8,"program":"Program 5","dayTitle":"Uppers 1 - Neil"},{"date":"2024-10-28","weight":65,"reps":8,"maxReps":8,"program":"Program 5","dayTitle":"Uppers 1 - Neil"},{"date":"2024-11-04","weight":70,"reps":6,"maxReps":6,"program":"Program 5","dayTitle":"Uppers 1 - Neil"},{"date":"2024-11-11","weight":70,"reps":7,"maxReps":8,"program":"Program 5","dayTitle":"Uppers 1 - Neil"},{"date":"2024-11-18","weight":65,"reps":8,"maxReps":8,"program":"Program 5","dayTitle":"Uppers 1 - Neil"},{"date":"2024-12-02","weight":65,"reps":8,"maxReps":8,"program":"Program 5","dayTitle":"Uppers 1 - Neil"},{"date":"2024-12-09","weight":130,"reps":10,"maxReps":10,"program":"Program 5","dayTitle":"Uppers 1 - Neil"},{"date":"2024-12-16","weight":65,"reps":8,"maxReps":8,"program":"Program 5","dayTitle":"Uppers 1 - Neil"},{"date":"2024-12-23","weight":65,"reps":8,"maxReps":8,"program":"Program 5","dayTitle":"Uppers 1 - Neil"},{"date":"2025-01-06","weight":55,"reps":10,"maxReps":10,"program":"Program 5","dayTitle":"Uppers 1 - Neil"},{"date":"2025-01-13","weight":65,"reps":8,"maxReps":8,"program":"Program 5","dayTitle":"Uppers 1 - Neil"},{"date":"2025-01-20","weight":65,"reps":8,"maxReps":8,"program":"Program 5","dayTitle":"Uppers 1 - Neil"}]},{"name":"Standing DB Overhead Press","sessionCount":17,"peakWeight":65,"firstWeight":65,"lastWeight":35,"entries":[{"date":"2024-09-09","weight":65,"reps":8,"maxReps":8,"program":"Program 5","dayTitle":"Uppers 1 - Neil"},{"date":"2024-09-16","weight":27.5,"reps":8,"maxReps":8,"program":"Program 5","dayTitle":"Uppers 1 - Neil"},{"date":"2024-09-23","weight":27.5,"reps":8,"maxReps":8,"program":"Program 5","dayTitle":"Uppers 1 - Neil"},{"date":"2024-09-30","weight":22.5,"reps":10,"maxReps":10,"program":"Program 5","dayTitle":"Uppers 1 - Neil"},{"date":"2024-10-07","weight":25,"reps":10,"maxReps":10,"program":"Program 5","dayTitle":"Uppers 1 - Neil"},{"date":"2024-10-14","weight":25,"reps":10,"maxReps":10,"program":"Program 5","dayTitle":"Uppers 1 - Neil"},{"date":"2024-10-28","weight":25,"reps":10,"maxReps":10,"program":"Program 5","dayTitle":"Uppers 1 - Neil"},{"date":"2024-11-04","weight":27.5,"reps":10,"maxReps":10,"program":"Program 5","dayTitle":"Uppers 1 - Neil"},{"date":"2024-11-11","weight":30,"reps":8,"maxReps":8,"program":"Program 5","dayTitle":"Uppers 1 - Neil"},{"date":"2024-11-18","weight":30,"reps":8,"maxReps":8,"program":"Program 5","dayTitle":"Uppers 1 - Neil"},{"date":"2024-12-02","weight":32.5,"reps":8,"maxReps":8,"program":"Program 5","dayTitle":"Uppers 1 - Neil"},{"date":"2024-12-09","weight":32.5,"reps":10,"maxReps":10,"program":"Program 5","dayTitle":"Uppers 1 - Neil"},{"date":"2024-12-16","weight":35,"reps":6,"maxReps":6,"program":"Program 5","dayTitle":"Uppers 1 - Neil"},{"date":"2024-12-23","weight":35,"reps":7,"maxReps":7,"program":"Program 5","dayTitle":"Uppers 1 - Neil"},{"date":"2025-01-06","weight":35,"reps":6,"maxReps":6,"program":"Program 5","dayTitle":"Uppers 1 - Neil"},{"date":"2025-01-13","weight":35,"reps":7,"maxReps":7,"program":"Program 5","dayTitle":"Uppers 1 - Neil"},{"date":"2025-01-20","weight":35,"reps":10,"maxReps":10,"program":"Program 5","dayTitle":"Uppers 1 - Neil"}]},{"name":"Bulgarian Split Squat","sessionCount":16,"peakWeight":45,"firstWeight":25,"lastWeight":30,"entries":[{"date":"2024-09-10","weight":25,"reps":10,"maxReps":10,"program":"Program 5","dayTitle":"Lowers"},{"date":"2024-09-17","weight":27.5,"reps":10,"maxReps":10,"program":"Program 5","dayTitle":"Lowers"},{"date":"2024-09-24","weight":22.5,"reps":10,"maxReps":10,"program":"Program 5","dayTitle":"Lowers"},{"date":"2024-10-08","weight":22.5,"reps":10,"maxReps":10,"program":"Program 5","dayTitle":"Lowers"},{"date":"2024-10-15","weight":22.5,"reps":10,"maxReps":10,"program":"Program 5","dayTitle":"Lowers"},{"date":"2024-10-22","weight":25,"reps":10,"maxReps":10,"program":"Program 5","dayTitle":"Lowers"},{"date":"2024-10-29","weight":27.5,"reps":8,"maxReps":8,"program":"Program 5","dayTitle":"Lowers"},{"date":"2024-11-05","weight":30,"reps":10,"maxReps":10,"program":"Program 5","dayTitle":"Lowers"},{"date":"2024-11-13","weight":32.5,"reps":8,"maxReps":8,"program":"Program 5","dayTitle":"Lowers"},{"date":"2024-11-20","weight":32.5,"reps":8,"maxReps":8,"program":"Program 5","dayTitle":"Lowers"},{"date":"2024-12-04","weight":32.5,"reps":10,"maxReps":10,"program":"Program 5","dayTitle":"Lowers"},{"date":"2024-12-11","weight":35,"reps":10,"maxReps":10,"program":"Program 5","dayTitle":"Lowers"},{"date":"2024-12-18","weight":40,"reps":8,"maxReps":8,"program":"Program 5","dayTitle":"Lowers"},{"date":"2024-12-25","weight":30,"reps":10,"maxReps":10,"program":"Program 5","dayTitle":"Lowers"},{"date":"2025-01-08","weight":45,"reps":8,"maxReps":8,"program":"Program 5","dayTitle":"Lowers"},{"date":"2025-01-22","weight":30,"reps":10,"maxReps":10,"program":"Program 5","dayTitle":"Lowers"}]},{"name":"Can you give me your overall reflections on the week as a whole","sessionCount":15,"peakWeight":1100,"firstWeight":6,"lastWeight":129.3,"entries":[{"date":"2023-05-02","weight":6,"reps":2,"maxReps":2,"program":"Program 1","dayTitle":"Weekly Check In"},{"date":"2023-05-16","weight":17,"reps":14,"maxReps":14,"program":"Program 1","dayTitle":"Weekly Check In"},{"date":"2023-05-30","weight":21,"reps":17,"maxReps":17,"program":"Program 1","dayTitle":"Weekly Check In"},{"date":"2023-06-06","weight":140,"reps":2,"maxReps":2,"program":"Program 1","dayTitle":"Weekly Check In"},{"date":"2023-07-18","weight":14,"reps":6,"maxReps":6,"program":"Program 1","dayTitle":"Weekly Check In"},{"date":"2023-08-22","weight":136.2,"reps":18,"maxReps":18,"program":"Program 1","dayTitle":"Weekly Check In"},{"date":"2023-10-24","weight":29,"reps":11,"maxReps":11,"program":"Program 2","dayTitle":"Weekly Check In"},{"date":"2024-02-06","weight":10,"reps":2,"maxReps":2,"program":"Program 3","dayTitle":"Weekly Check In"},{"date":"2024-03-26","weight":1100,"reps":2,"maxReps":2,"program":"Program 3","dayTitle":"Weekly Check In"},{"date":"2024-07-23","weight":38,"reps":34,"maxReps":34,"program":"Program 4","dayTitle":"Weekly Check In"},{"date":"2024-08-20","weight":14,"reps":2,"maxReps":2,"program":"Program 4","dayTitle":"Weekly Check In"},{"date":"2024-10-22","weight":800,"reps":7,"maxReps":7,"program":"Program 5","dayTitle":"Weekly Check In"},{"date":"2024-11-19","weight":10,"reps":30,"maxReps":30,"program":"Program 5","dayTitle":"Weekly Check In"},{"date":"2024-12-17","weight":130,"reps":6,"maxReps":6,"program":"Program 5","dayTitle":"Weekly Check In"},{"date":"2025-01-21","weight":129.3,"reps":3,"maxReps":3,"program":"Program 5","dayTitle":"Weekly Check In"}]},{"name":"Smith Machine RDL","sessionCount":15,"peakWeight":155,"firstWeight":135,"lastWeight":45,"entries":[{"date":"2024-09-10","weight":135,"reps":6,"maxReps":10,"program":"Program 5","dayTitle":"Lowers"},{"date":"2024-09-17","weight":70,"reps":10,"maxReps":10,"program":"Program 5","dayTitle":"Lowers"},{"date":"2024-09-24","weight":135,"reps":8,"maxReps":10,"program":"Program 5","dayTitle":"Lowers"},{"date":"2024-10-08","weight":135,"reps":8,"maxReps":8,"program":"Program 5","dayTitle":"Lowers"},{"date":"2024-10-15","weight":115,"reps":10,"maxReps":10,"program":"Program 5","dayTitle":"Lowers"},{"date":"2024-10-22","weight":135,"reps":10,"maxReps":10,"program":"Program 5","dayTitle":"Lowers"},{"date":"2024-10-29","weight":135,"reps":10,"maxReps":10,"program":"Program 5","dayTitle":"Lowers"},{"date":"2024-11-05","weight":155,"reps":6,"maxReps":10,"program":"Program 5","dayTitle":"Lowers"},{"date":"2024-11-13","weight":135,"reps":6,"maxReps":6,"program":"Program 5","dayTitle":"Lowers"},{"date":"2024-11-20","weight":145,"reps":6,"maxReps":10,"program":"Program 5","dayTitle":"Lowers"},{"date":"2024-12-04","weight":125,"reps":8,"maxReps":10,"program":"Program 5","dayTitle":"Lowers"},{"date":"2024-12-11","weight":135,"reps":8,"maxReps":8,"program":"Program 5","dayTitle":"Lowers"},{"date":"2024-12-18","weight":135,"reps":8,"maxReps":8,"program":"Program 5","dayTitle":"Lowers"},{"date":"2024-12-25","weight":155,"reps":6,"maxReps":10,"program":"Program 5","dayTitle":"Lowers"},{"date":"2025-01-08","weight":45,"reps":10,"maxReps":10,"program":"Program 5","dayTitle":"Lowers"}]},{"name":"Lat raises","sessionCount":14,"peakWeight":35,"firstWeight":18,"lastWeight":30,"entries":[{"date":"2024-05-17","weight":18,"reps":15,"maxReps":15,"program":"Program 3","dayTitle":"Upper/Arms - Neil"},{"date":"2024-05-24","weight":20,"reps":20,"maxReps":20,"program":"Program 4","dayTitle":"Upper/Arms - Neil"},{"date":"2024-05-31","weight":25,"reps":15,"maxReps":15,"program":"Program 4","dayTitle":"Upper/Arms - Neil"},{"date":"2024-06-07","weight":25,"reps":15,"maxReps":15,"program":"Program 4","dayTitle":"Upper/Arms - Neil"},{"date":"2024-06-14","weight":27.5,"reps":12,"maxReps":12,"program":"Program 4","dayTitle":"Upper/Arms - Neil"},{"date":"2024-06-21","weight":30,"reps":10,"maxReps":12,"program":"Program 4","dayTitle":"Upper/Arms - Neil"},{"date":"2024-06-28","weight":30,"reps":12,"maxReps":12,"program":"Program 4","dayTitle":"Upper/Arms - Neil"},{"date":"2024-07-05","weight":35,"reps":8,"maxReps":8,"program":"Program 4","dayTitle":"Upper/Arms - Neil"},{"date":"2024-07-12","weight":35,"reps":10,"maxReps":10,"program":"Program 4","dayTitle":"Upper/Arms - Neil"},{"date":"2024-07-19","weight":35,"reps":10,"maxReps":10,"program":"Program 4","dayTitle":"Upper/Arms - Neil"},{"date":"2024-07-26","weight":35,"reps":10,"maxReps":10,"program":"Program 4","dayTitle":"Upper/Arms - Neil"},{"date":"2024-09-02","weight":35,"reps":8,"maxReps":8,"program":"Program 5","dayTitle":"Push - Neil"},{"date":"2024-09-06","weight":30,"reps":12,"maxReps":12,"program":"Program 5","dayTitle":"Upper/Arms - Neil"},{"date":"2024-10-04","weight":30,"reps":12,"maxReps":12,"program":"Program 5","dayTitle":"Full - Neil"}]},{"name":"BB Military Press","sessionCount":13,"peakWeight":85,"firstWeight":85,"lastWeight":85,"entries":[{"date":"2024-05-06","weight":85,"reps":6,"maxReps":10,"program":"Program 3","dayTitle":"Push - Neil"},{"date":"2024-05-13","weight":65,"reps":8,"maxReps":8,"program":"Program 3","dayTitle":"Push - Neil"},{"date":"2024-05-20","weight":75,"reps":8,"maxReps":10,"program":"Program 4","dayTitle":"Push - Neil"},{"date":"2024-05-27","weight":85,"reps":6,"maxReps":8,"program":"Program 4","dayTitle":"Push - Neil"},{"date":"2024-06-03","weight":75,"reps":6,"maxReps":8,"program":"Program 4","dayTitle":"Push - Neil"},{"date":"2024-06-10","weight":65,"reps":10,"maxReps":10,"program":"Program 4","dayTitle":"Push - Neil"},{"date":"2024-06-17","weight":55,"reps":10,"maxReps":10,"program":"Program 4","dayTitle":"Push - Neil"},{"date":"2024-06-24","weight":65,"reps":10,"maxReps":10,"program":"Program 4","dayTitle":"Push - Neil"},{"date":"2024-07-01","weight":75,"reps":7,"maxReps":8,"program":"Program 4","dayTitle":"Push - Neil"},{"date":"2024-07-08","weight":85,"reps":6,"maxReps":8,"program":"Program 4","dayTitle":"Push - Neil"},{"date":"2024-07-15","weight":85,"reps":6,"maxReps":8,"program":"Program 4","dayTitle":"Push - Neil"},{"date":"2024-07-22","weight":75,"reps":6,"maxReps":10,"program":"Program 4","dayTitle":"Push - Neil"},{"date":"2024-08-05","weight":85,"reps":6,"maxReps":10,"program":"Program 4","dayTitle":"Push - Neil"}]},{"name":"EZ Skullcrusher","sessionCount":13,"peakWeight":70,"firstWeight":60,"lastWeight":55,"entries":[{"date":"2024-05-13","weight":60,"reps":10,"maxReps":10,"program":"Program 3","dayTitle":"Push - Neil"},{"date":"2024-05-20","weight":70,"reps":10,"maxReps":10,"program":"Program 4","dayTitle":"Push - Neil"},{"date":"2024-05-27","weight":70,"reps":10,"maxReps":10,"program":"Program 4","dayTitle":"Push - Neil"},{"date":"2024-06-03","weight":50,"reps":10,"maxReps":10,"program":"Program 4","dayTitle":"Push - Neil"},{"date":"2024-06-10","weight":50,"reps":10,"maxReps":10,"program":"Program 4","dayTitle":"Push - Neil"},{"date":"2024-06-17","weight":30,"reps":12,"maxReps":12,"program":"Program 4","dayTitle":"Push - Neil"},{"date":"2024-06-24","weight":50,"reps":12,"maxReps":12,"program":"Program 4","dayTitle":"Push - Neil"},{"date":"2024-07-01","weight":60,"reps":10,"maxReps":10,"program":"Program 4","dayTitle":"Push - Neil"},{"date":"2024-07-08","weight":60,"reps":10,"maxReps":10,"program":"Program 4","dayTitle":"Push - Neil"},{"date":"2024-07-15","weight":50,"reps":10,"maxReps":15,"program":"Program 4","dayTitle":"Push - Neil"},{"date":"2024-07-22","weight":50,"reps":10,"maxReps":10,"program":"Program 4","dayTitle":"Push - Neil"},{"date":"2024-08-05","weight":40,"reps":12,"maxReps":12,"program":"Program 4","dayTitle":"Push - Neil"},{"date":"2024-09-02","weight":55,"reps":12,"maxReps":12,"program":"Program 5","dayTitle":"Push - Neil"}]},{"name":"Single Arm Row","sessionCount":13,"peakWeight":130,"firstWeight":55,"lastWeight":85,"entries":[{"date":"2024-09-09","weight":55,"reps":8,"maxReps":8,"program":"Program 5","dayTitle":"Uppers 1 - Neil"},{"date":"2024-09-16","weight":60,"reps":9,"maxReps":9,"program":"Program 5","dayTitle":"Uppers 1 - Neil"},{"date":"2024-09-23","weight":60,"reps":10,"maxReps":10,"program":"Program 5","dayTitle":"Uppers 1 - Neil"},{"date":"2024-09-30","weight":65,"reps":10,"maxReps":10,"program":"Program 5","dayTitle":"Uppers 1 - Neil"},{"date":"2024-10-07","weight":70,"reps":3,"maxReps":7,"program":"Program 5","dayTitle":"Uppers 1 - Neil"},{"date":"2024-10-14","weight":75,"reps":7,"maxReps":7,"program":"Program 5","dayTitle":"Uppers 1 - Neil"},{"date":"2024-10-28","weight":75,"reps":8,"maxReps":8,"program":"Program 5","dayTitle":"Uppers 1 - Neil"},{"date":"2024-11-11","weight":80,"reps":8,"maxReps":8,"program":"Program 5","dayTitle":"Uppers 1 - Neil"},{"date":"2024-11-18","weight":85,"reps":6,"maxReps":6,"program":"Program 5","dayTitle":"Uppers 1 - Neil"},{"date":"2024-12-09","weight":130,"reps":6,"maxReps":10,"program":"Program 5","dayTitle":"Uppers 1 - Neil"},{"date":"2024-12-16","weight":85,"reps":6,"maxReps":6,"program":"Program 5","dayTitle":"Uppers 1 - Neil"},{"date":"2024-12-23","weight":85,"reps":6,"maxReps":6,"program":"Program 5","dayTitle":"Uppers 1 - Neil"},{"date":"2025-01-06","weight":85,"reps":7,"maxReps":7,"program":"Program 5","dayTitle":"Uppers 1 - Neil"}]},{"name":"Calf Raise","sessionCount":13,"peakWeight":130,"firstWeight":45,"lastWeight":90,"entries":[{"date":"2024-09-10","weight":45,"reps":15,"maxReps":15,"program":"Program 5","dayTitle":"Lowers"},{"date":"2024-09-17","weight":70,"reps":10,"maxReps":10,"program":"Program 5","dayTitle":"Lowers"},{"date":"2024-09-24","weight":70,"reps":20,"maxReps":30,"program":"Program 5","dayTitle":"Lowers"},{"date":"2024-10-08","weight":90,"reps":10,"maxReps":10,"program":"Program 5","dayTitle":"Lowers"},{"date":"2024-10-15","weight":130,"reps":12,"maxReps":12,"program":"Program 5","dayTitle":"Lowers"},{"date":"2024-10-22","weight":45,"reps":20,"maxReps":20,"program":"Program 5","dayTitle":"Lowers"},{"date":"2024-10-29","weight":70,"reps":17,"maxReps":17,"program":"Program 5","dayTitle":"Lowers"},{"date":"2024-11-05","weight":90,"reps":15,"maxReps":15,"program":"Program 5","dayTitle":"Lowers"},{"date":"2024-11-13","weight":95,"reps":12,"maxReps":12,"program":"Program 5","dayTitle":"Lowers"},{"date":"2024-11-20","weight":90,"reps":20,"maxReps":20,"program":"Program 5","dayTitle":"Lowers"},{"date":"2024-12-11","weight":90,"reps":16,"maxReps":16,"program":"Program 5","dayTitle":"Lowers"},{"date":"2024-12-18","weight":90,"reps":17,"maxReps":17,"program":"Program 5","dayTitle":"Lowers"},{"date":"2025-01-22","weight":90,"reps":15,"maxReps":15,"program":"Program 5","dayTitle":"Lowers"}]},{"name":"Horizontal Leg Press","sessionCount":12,"peakWeight":270,"firstWeight":220,"lastWeight":270,"entries":[{"date":"2023-10-06","weight":220,"reps":15,"maxReps":15,"program":"Program 2","dayTitle":"Full Body//Neil"},{"date":"2023-10-13","weight":180,"reps":12,"maxReps":12,"program":"Program 2","dayTitle":"Full Body//Neil"},{"date":"2023-10-20","weight":240,"reps":15,"maxReps":15,"program":"Program 2","dayTitle":"Full Body//Neil"},{"date":"2023-10-27","weight":227,"reps":12,"maxReps":12,"program":"Program 2","dayTitle":"Full Body//Neil"},{"date":"2023-11-03","weight":125,"reps":12,"maxReps":12,"program":"Program 3","dayTitle":"Full Body//Neil"},{"date":"2023-11-10","weight":195,"reps":10,"maxReps":10,"program":"Program 3","dayTitle":"Full Body//Neil"},{"date":"2023-11-17","weight":227,"reps":12,"maxReps":12,"program":"Program 3","dayTitle":"Full Body//Neil"},{"date":"2023-11-24","weight":195,"reps":12,"maxReps":12,"program":"Program 3","dayTitle":"Full Body//Neil"},{"date":"2023-12-01","weight":100,"reps":10,"maxReps":10,"program":"Program 3","dayTitle":"Full Body//Neil"},{"date":"2023-12-08","weight":240,"reps":10,"maxReps":10,"program":"Program 3","dayTitle":"Full Body//Neil"},{"date":"2023-12-15","weight":50,"reps":10,"maxReps":10,"program":"Program 3","dayTitle":"Full Body//Neil"},{"date":"2023-12-22","weight":270,"reps":10,"maxReps":10,"program":"Program 3","dayTitle":"Full Body//Neil"}]},{"name":"Flat Bench Press","sessionCount":12,"peakWeight":135,"firstWeight":135,"lastWeight":135,"entries":[{"date":"2024-05-17","weight":135,"reps":10,"maxReps":10,"program":"Program 3","dayTitle":"Upper/Arms - Neil"},{"date":"2024-05-24","weight":135,"reps":7,"maxReps":7,"program":"Program 4","dayTitle":"Upper/Arms - Neil"},{"date":"2024-05-31","weight":135,"reps":7,"maxReps":7,"program":"Program 4","dayTitle":"Upper/Arms - Neil"},{"date":"2024-06-07","weight":125,"reps":10,"maxReps":12,"program":"Program 4","dayTitle":"Upper/Arms - Neil"},{"date":"2024-06-14","weight":125,"reps":9,"maxReps":12,"program":"Program 4","dayTitle":"Upper/Arms - Neil"},{"date":"2024-06-21","weight":135,"reps":8,"maxReps":10,"program":"Program 4","dayTitle":"Upper/Arms - Neil"},{"date":"2024-06-28","weight":135,"reps":8,"maxReps":8,"program":"Program 4","dayTitle":"Upper/Arms - Neil"},{"date":"2024-07-05","weight":135,"reps":8,"maxReps":8,"program":"Program 4","dayTitle":"Upper/Arms - Neil"},{"date":"2024-07-12","weight":135,"reps":8,"maxReps":8,"program":"Program 4","dayTitle":"Upper/Arms - Neil"},{"date":"2024-07-19","weight":135,"reps":8,"maxReps":8,"program":"Program 4","dayTitle":"Upper/Arms - Neil"},{"date":"2024-07-26","weight":135,"reps":8,"maxReps":8,"program":"Program 4","dayTitle":"Upper/Arms - Neil"},{"date":"2024-09-06","weight":135,"reps":6,"maxReps":6,"program":"Program 5","dayTitle":"Upper/Arms - Neil"}]},{"name":"Standing DB Bicep Curl","sessionCount":12,"peakWeight":50,"firstWeight":27.5,"lastWeight":25,"entries":[{"date":"2024-05-17","weight":27.5,"reps":15,"maxReps":15,"program":"Program 3","dayTitle":"Upper/Arms - Neil"},{"date":"2024-05-24","weight":25,"reps":15,"maxReps":15,"program":"Program 4","dayTitle":"Upper/Arms - Neil"},{"date":"2024-05-31","weight":25,"reps":12,"maxReps":12,"program":"Program 4","dayTitle":"Upper/Arms - Neil"},{"date":"2024-06-07","weight":25,"reps":15,"maxReps":15,"program":"Program 4","dayTitle":"Upper/Arms - Neil"},{"date":"2024-06-14","weight":50,"reps":15,"maxReps":15,"program":"Program 4","dayTitle":"Upper/Arms - Neil"},{"date":"2024-06-21","weight":25,"reps":15,"maxReps":15,"program":"Program 4","dayTitle":"Upper/Arms - Neil"},{"date":"2024-06-28","weight":27.5,"reps":15,"maxReps":15,"program":"Program 4","dayTitle":"Upper/Arms - Neil"},{"date":"2024-07-05","weight":27.5,"reps":15,"maxReps":15,"program":"Program 4","dayTitle":"Upper/Arms - Neil"},{"date":"2024-07-12","weight":35,"reps":10,"maxReps":10,"program":"Program 4","dayTitle":"Upper/Arms - Neil"},{"date":"2024-07-19","weight":35,"reps":10,"maxReps":10,"program":"Program 4","dayTitle":"Upper/Arms - Neil"},{"date":"2024-07-26","weight":27.5,"reps":12,"maxReps":12,"program":"Program 4","dayTitle":"Upper/Arms - Neil"},{"date":"2024-09-06","weight":25,"reps":15,"maxReps":15,"program":"Program 5","dayTitle":"Upper/Arms - Neil"}]},{"name":"Cable Rope Pullover","sessionCount":11,"peakWeight":70,"firstWeight":35,"lastWeight":70,"entries":[{"date":"2024-05-08","weight":35,"reps":15,"maxReps":30,"program":"Program 3","dayTitle":"Pull - Neil"},{"date":"2024-05-15","weight":42.5,"reps":12,"maxReps":15,"program":"Program 3","dayTitle":"Pull - Neil"},{"date":"2024-05-22","weight":47.5,"reps":12,"maxReps":15,"program":"Program 4","dayTitle":"Pull - Neil"},{"date":"2024-05-29","weight":50,"reps":12,"maxReps":15,"program":"Program 4","dayTitle":"Pull - Neil"},{"date":"2024-06-05","weight":50,"reps":12,"maxReps":12,"program":"Program 4","dayTitle":"Pull - Neil"},{"date":"2024-06-19","weight":50,"reps":10,"maxReps":10,"program":"Program 4","dayTitle":"Pull - Neil"},{"date":"2024-06-26","weight":50,"reps":10,"maxReps":10,"program":"Program 4","dayTitle":"Pull - Neil"},{"date":"2024-07-03","weight":50,"reps":10,"maxReps":10,"program":"Program 4","dayTitle":"Pull - Neil"},{"date":"2024-07-17","weight":50,"reps":10,"maxReps":10,"program":"Program 4","dayTitle":"Pull - Neil"},{"date":"2024-07-24","weight":55,"reps":12,"maxReps":12,"program":"Program 4","dayTitle":"Pull - Neil"},{"date":"2024-09-04","weight":70,"reps":12,"maxReps":12,"program":"Program 5","dayTitle":"Pull - Neil"}]},{"name":"Preacher Curl","sessionCount":11,"peakWeight":65,"firstWeight":55,"lastWeight":65,"entries":[{"date":"2024-05-08","weight":55,"reps":8,"maxReps":8,"program":"Program 3","dayTitle":"Pull - Neil"},{"date":"2024-05-15","weight":65,"reps":5,"maxReps":12,"program":"Program 3","dayTitle":"Pull - Neil"},{"date":"2024-05-22","weight":55,"reps":10,"maxReps":10,"program":"Program 4","dayTitle":"Pull - Neil"},{"date":"2024-05-29","weight":60,"reps":8,"maxReps":12,"program":"Program 4","dayTitle":"Pull - Neil"},{"date":"2024-06-05","weight":55,"reps":8,"maxReps":12,"program":"Program 4","dayTitle":"Pull - Neil"},{"date":"2024-06-19","weight":25,"reps":10,"maxReps":10,"program":"Program 4","dayTitle":"Pull - Neil"},{"date":"2024-06-26","weight":55,"reps":7,"maxReps":7,"program":"Program 4","dayTitle":"Pull - Neil"},{"date":"2024-07-03","weight":55,"reps":10,"maxReps":12,"program":"Program 4","dayTitle":"Pull - Neil"},{"date":"2024-07-17","weight":25,"reps":9,"maxReps":9,"program":"Program 4","dayTitle":"Pull - Neil"},{"date":"2024-07-24","weight":60,"reps":8,"maxReps":8,"program":"Program 4","dayTitle":"Pull - Neil"},{"date":"2024-09-04","weight":65,"reps":10,"maxReps":10,"program":"Program 5","dayTitle":"Pull - Neil"}]},{"name":"Seated Bicep Curl","sessionCount":11,"peakWeight":35,"firstWeight":35,"lastWeight":30,"entries":[{"date":"2024-05-08","weight":35,"reps":8,"maxReps":10,"program":"Program 3","dayTitle":"Pull - Neil"},{"date":"2024-05-15","weight":30,"reps":12,"maxReps":12,"program":"Program 3","dayTitle":"Pull - Neil"},{"date":"2024-05-22","weight":30,"reps":14,"maxReps":14,"program":"Program 4","dayTitle":"Pull - Neil"},{"date":"2024-05-29","weight":30,"reps":12,"maxReps":12,"program":"Program 4","dayTitle":"Pull - Neil"},{"date":"2024-06-05","weight":30,"reps":10,"maxReps":10,"program":"Program 4","dayTitle":"Pull - Neil"},{"date":"2024-06-19","weight":27.5,"reps":10,"maxReps":10,"program":"Program 4","dayTitle":"Pull - Neil"},{"date":"2024-06-26","weight":27.5,"reps":9,"maxReps":9,"program":"Program 4","dayTitle":"Pull - Neil"},{"date":"2024-07-03","weight":30,"reps":10,"maxReps":10,"program":"Program 4","dayTitle":"Pull - Neil"},{"date":"2024-07-17","weight":30,"reps":10,"maxReps":10,"program":"Program 4","dayTitle":"Pull - Neil"},{"date":"2024-07-24","weight":30,"reps":12,"maxReps":12,"program":"Program 4","dayTitle":"Pull - Neil"},{"date":"2024-09-04","weight":30,"reps":8,"maxReps":8,"program":"Program 5","dayTitle":"Pull - Neil"}]},{"name":"Dips","sessionCount":11,"peakWeight":45,"firstWeight":35,"lastWeight":45,"entries":[{"date":"2024-05-17","weight":35,"reps":10,"maxReps":25,"program":"Program 3","dayTitle":"Upper/Arms - Neil"},{"date":"2024-05-20","weight":45,"reps":8,"maxReps":8,"program":"Program 4","dayTitle":"Push - Neil"},{"date":"2024-05-24","weight":45,"reps":10,"maxReps":10,"program":"Program 4","dayTitle":"Upper/Arms - Neil"},{"date":"2024-05-27","weight":45,"reps":10,"maxReps":10,"program":"Program 4","dayTitle":"Push - Neil"},{"date":"2024-05-31","weight":35,"reps":10,"maxReps":10,"program":"Program 4","dayTitle":"Upper/Arms - Neil"},{"date":"2024-06-07","weight":45,"reps":10,"maxReps":10,"program":"Program 4","dayTitle":"Upper/Arms - Neil"},{"date":"2024-06-14","weight":45,"reps":10,"maxReps":10,"program":"Program 4","dayTitle":"Upper/Arms - Neil"},{"date":"2024-06-28","weight":45,"reps":10,"maxReps":10,"program":"Program 4","dayTitle":"Upper/Arms - Neil"},{"date":"2024-07-01","weight":45,"reps":10,"maxReps":10,"program":"Program 4","dayTitle":"Push - Neil"},{"date":"2024-07-08","weight":45,"reps":9,"maxReps":9,"program":"Program 4","dayTitle":"Push - Neil"},{"date":"2024-07-26","weight":45,"reps":10,"maxReps":10,"program":"Program 4","dayTitle":"Upper/Arms - Neil"}]},{"name":"RDL Barbell","sessionCount":10,"peakWeight":135,"firstWeight":95,"lastWeight":135,"entries":[{"date":"2024-05-08","weight":95,"reps":8,"maxReps":8,"program":"Program 3","dayTitle":"Pull - Neil"},{"date":"2024-05-15","weight":95,"reps":10,"maxReps":10,"program":"Program 3","dayTitle":"Pull - Neil"},{"date":"2024-05-22","weight":45,"reps":8,"maxReps":25,"program":"Program 4","dayTitle":"Pull - Neil"},{"date":"2024-05-29","weight":55,"reps":6,"maxReps":10,"program":"Program 4","dayTitle":"Pull - Neil"},{"date":"2024-06-05","weight":55,"reps":6,"maxReps":8,"program":"Program 4","dayTitle":"Pull - Neil"},{"date":"2024-06-19","weight":45,"reps":6,"maxReps":6,"program":"Program 4","dayTitle":"Pull - Neil"},{"date":"2024-06-26","weight":115,"reps":8,"maxReps":10,"program":"Program 4","dayTitle":"Pull - Neil"},{"date":"2024-07-03","weight":135,"reps":7,"maxReps":10,"program":"Program 4","dayTitle":"Pull - Neil"},{"date":"2024-07-17","weight":55,"reps":8,"maxReps":8,"program":"Program 4","dayTitle":"Pull - Neil"},{"date":"2024-07-24","weight":135,"reps":8,"maxReps":10,"program":"Program 4","dayTitle":"Pull - Neil"}]},{"name":"What were your biggest wins this week?","sessionCount":9,"peakWeight":484,"firstWeight":130,"lastWeight":31,"entries":[{"date":"2023-08-29","weight":130,"reps":3,"maxReps":3,"program":"Program 1","dayTitle":"Weekly Check In"},{"date":"2023-11-28","weight":484,"reps":24,"maxReps":24,"program":"Program 3","dayTitle":"Weekly Check In"},{"date":"2024-04-23","weight":30,"reps":23,"maxReps":23,"program":"Program 3","dayTitle":"Weekly Check In"},{"date":"2024-05-14","weight":19,"reps":24,"maxReps":24,"program":"Program 3","dayTitle":"Weekly Check In"},{"date":"2024-06-11","weight":6,"reps":5,"maxReps":5,"program":"Program 4","dayTitle":"Weekly Check In"},{"date":"2024-06-25","weight":21,"reps":11,"maxReps":11,"program":"Program 4","dayTitle":"Weekly Check In"},{"date":"2024-07-02","weight":21,"reps":13,"maxReps":13,"program":"Program 4","dayTitle":"Weekly Check In"},{"date":"2024-09-17","weight":30,"reps":7,"maxReps":7,"program":"Program 5","dayTitle":"Weekly Check In"},{"date":"2024-11-26","weight":31,"reps":3,"maxReps":3,"program":"Program 5","dayTitle":"Weekly Check In"}]},{"name":"45 Hyper Ext","sessionCount":9,"peakWeight":25,"firstWeight":10,"lastWeight":25,"entries":[{"date":"2024-06-08","weight":10,"reps":10,"maxReps":10,"program":"Program 4","dayTitle":"Lower - Neil"},{"date":"2024-06-15","weight":25,"reps":10,"maxReps":10,"program":"Program 4","dayTitle":"Lower - Neil"},{"date":"2024-06-22","weight":25,"reps":10,"maxReps":10,"program":"Program 4","dayTitle":"Lower - Neil"},{"date":"2024-06-29","weight":25,"reps":12,"maxReps":12,"program":"Program 4","dayTitle":"Lower - Neil"},{"date":"2024-07-06","weight":25,"reps":12,"maxReps":12,"program":"Program 4","dayTitle":"Lower - Neil"},{"date":"2024-07-27","weight":25,"reps":12,"maxReps":12,"program":"Program 4","dayTitle":"Lower - Neil"},{"date":"2024-09-20","weight":25,"reps":10,"maxReps":10,"program":"Program 5","dayTitle":"Lower - Neil"},{"date":"2024-09-27","weight":25,"reps":10,"maxReps":10,"program":"Program 5","dayTitle":"Lower - Neil"},{"date":"2024-10-25","weight":25,"reps":12,"maxReps":12,"program":"Program 5","dayTitle":"Lower - Neil"}]},{"name":"Chest Supp Machine Row Overhand Grip","sessionCount":8,"peakWeight":160,"firstWeight":140,"lastWeight":140,"entries":[{"date":"2024-05-22","weight":140,"reps":10,"maxReps":15,"program":"Program 4","dayTitle":"Pull - Neil"},{"date":"2024-05-29","weight":160,"reps":7,"maxReps":10,"program":"Program 4","dayTitle":"Pull - Neil"},{"date":"2024-06-05","weight":160,"reps":7,"maxReps":7,"program":"Program 4","dayTitle":"Pull - Neil"},{"date":"2024-06-19","weight":70,"reps":10,"maxReps":10,"program":"Program 4","dayTitle":"Pull - Neil"},{"date":"2024-06-26","weight":130,"reps":12,"maxReps":12,"program":"Program 4","dayTitle":"Pull - Neil"},{"date":"2024-07-03","weight":110,"reps":12,"maxReps":15,"program":"Program 4","dayTitle":"Pull - Neil"},{"date":"2024-07-17","weight":70,"reps":8,"maxReps":8,"program":"Program 4","dayTitle":"Pull - Neil"},{"date":"2024-07-24","weight":140,"reps":7,"maxReps":10,"program":"Program 4","dayTitle":"Pull - Neil"}]},{"name":"Is there anything I can help you with?","sessionCount":6,"peakWeight":75,"firstWeight":75,"lastWeight":45,"entries":[{"date":"2023-05-02","weight":75,"reps":1,"maxReps":1,"program":"Program 1","dayTitle":"Weekly Check In"},{"date":"2023-05-30","weight":30,"reps":10,"maxReps":10,"program":"Program 1","dayTitle":"Weekly Check In"},{"date":"2023-08-29","weight":6,"reps":10,"maxReps":10,"program":"Program 1","dayTitle":"Weekly Check In"},{"date":"2024-02-13","weight":8,"reps":3,"maxReps":3,"program":"Program 3","dayTitle":"Weekly Check In"},{"date":"2024-07-30","weight":31,"reps":7,"maxReps":7,"program":"Program 4","dayTitle":"Weekly Check In"},{"date":"2024-09-10","weight":45,"reps":30,"maxReps":30,"program":"Program 5","dayTitle":"Weekly Check In"}]},{"name":"Chest Supp Machine Row Neutral Grip","sessionCount":6,"peakWeight":75,"firstWeight":70,"lastWeight":70,"entries":[{"date":"2024-09-12","weight":70,"reps":10,"maxReps":10,"program":"Program 5","dayTitle":"Uppers 2 - Neil"},{"date":"2024-09-19","weight":70,"reps":10,"maxReps":10,"program":"Program 5","dayTitle":"Uppers 2 - Neil"},{"date":"2024-09-26","weight":70,"reps":10,"maxReps":10,"program":"Program 5","dayTitle":"Uppers 2 - Neil"},{"date":"2024-10-10","weight":75,"reps":12,"maxReps":15,"program":"Program 5","dayTitle":"Uppers 2 - Neil"},{"date":"2024-10-17","weight":70,"reps":5,"maxReps":10,"program":"Program 5","dayTitle":"Uppers 2 - Neil"},{"date":"2024-10-24","weight":70,"reps":6,"maxReps":10,"program":"Program 5","dayTitle":"Uppers 2 - Neil"}]},{"name":"Single Arm Lat Pull Down","sessionCount":6,"peakWeight":90,"firstWeight":45,"lastWeight":90,"entries":[{"date":"2024-09-12","weight":45,"reps":10,"maxReps":10,"program":"Program 5","dayTitle":"Uppers 2 - Neil"},{"date":"2024-09-19","weight":55,"reps":10,"maxReps":10,"program":"Program 5","dayTitle":"Uppers 2 - Neil"},{"date":"2024-09-26","weight":70,"reps":10,"maxReps":10,"program":"Program 5","dayTitle":"Uppers 2 - Neil"},{"date":"2024-10-10","weight":80,"reps":8,"maxReps":10,"program":"Program 5","dayTitle":"Uppers 2 - Neil"},{"date":"2024-10-17","weight":80,"reps":10,"maxReps":10,"program":"Program 5","dayTitle":"Uppers 2 - Neil"},{"date":"2024-10-24","weight":90,"reps":8,"maxReps":10,"program":"Program 5","dayTitle":"Uppers 2 - Neil"}]},{"name":"Incline Back Extensions","sessionCount":6,"peakWeight":35,"firstWeight":25,"lastWeight":25,"entries":[{"date":"2024-10-08","weight":25,"reps":12,"maxReps":12,"program":"Program 5","dayTitle":"Lowers"},{"date":"2024-11-05","weight":25,"reps":10,"maxReps":10,"program":"Program 5","dayTitle":"Lowers"},{"date":"2024-11-20","weight":35,"reps":8,"maxReps":8,"program":"Program 5","dayTitle":"Lowers"},{"date":"2024-12-04","weight":25,"reps":8,"maxReps":8,"program":"Program 5","dayTitle":"Lowers"},{"date":"2024-12-11","weight":35,"reps":8,"maxReps":8,"program":"Program 5","dayTitle":"Lowers"},{"date":"2025-01-08","weight":25,"reps":10,"maxReps":10,"program":"Program 5","dayTitle":"Lowers"}]},{"name":"What were your biggest challenges and why?","sessionCount":5,"peakWeight":350,"firstWeight":11,"lastWeight":8,"entries":[{"date":"2023-05-02","weight":11,"reps":5,"maxReps":5,"program":"Program 1","dayTitle":"Weekly Check In"},{"date":"2023-06-20","weight":6,"reps":29,"maxReps":29,"program":"Program 1","dayTitle":"Weekly Check In"},{"date":"2023-08-08","weight":133,"reps":5,"maxReps":5,"program":"Program 1","dayTitle":"Weekly Check In"},{"date":"2023-12-05","weight":350,"reps":23,"maxReps":23,"program":"Program 3","dayTitle":"Weekly Check In"},{"date":"2024-10-01","weight":8,"reps":11,"maxReps":11,"program":"Program 5","dayTitle":"Weekly Check In"}]},{"name":"How is your sleep, energy, appetite and stress been like this week?","sessionCount":5,"peakWeight":11,"firstWeight":6.5,"lastWeight":11,"entries":[{"date":"2023-05-02","weight":6.5,"reps":7,"maxReps":7,"program":"Program 1","dayTitle":"Weekly Check In"},{"date":"2024-05-28","weight":7,"reps":8,"maxReps":8,"program":"Program 4","dayTitle":"Weekly Check In"},{"date":"2024-06-04","weight":6,"reps":7,"maxReps":7,"program":"Program 4","dayTitle":"Weekly Check In"},{"date":"2024-07-09","weight":6,"reps":19,"maxReps":19,"program":"Program 4","dayTitle":"Weekly Check In"},{"date":"2024-10-15","weight":11,"reps":12,"maxReps":12,"program":"Program 5","dayTitle":"Weekly Check In"}]},{"name":"Reverse Pec Dec","sessionCount":5,"peakWeight":120,"firstWeight":85,"lastWeight":120,"entries":[{"date":"2024-05-08","weight":85,"reps":12,"maxReps":12,"program":"Program 3","dayTitle":"Pull - Neil"},{"date":"2024-05-15","weight":100,"reps":12,"maxReps":15,"program":"Program 3","dayTitle":"Pull - Neil"},{"date":"2024-05-22","weight":100,"reps":3,"maxReps":6,"program":"Program 4","dayTitle":"Pull - Neil"},{"date":"2024-06-05","weight":110,"reps":8,"maxReps":12,"program":"Program 4","dayTitle":"Pull - Neil"},{"date":"2024-07-24","weight":120,"reps":8,"maxReps":10,"program":"Program 4","dayTitle":"Pull - Neil"}]},{"name":"What was your average scale weight?","sessionCount":4,"peakWeight":139,"firstWeight":139,"lastWeight":124.7,"entries":[{"date":"2023-06-27","weight":139,"reps":22,"maxReps":22,"program":"Program 1","dayTitle":"Weekly Check In"},{"date":"2023-12-26","weight":12,"reps":25,"maxReps":25,"program":"Program 3","dayTitle":"Weekly Check In"},{"date":"2024-09-10","weight":125.6,"reps":5,"maxReps":5,"program":"Program 5","dayTitle":"Weekly Check In"},{"date":"2024-12-03","weight":124.7,"reps":3,"maxReps":3,"program":"Program 5","dayTitle":"Weekly Check In"}]},{"name":"What was your weekly average steps?","sessionCount":3,"peakWeight":11660,"firstWeight":12,"lastWeight":10786,"entries":[{"date":"2023-12-26","weight":12,"reps":25,"maxReps":25,"program":"Program 3","dayTitle":"Weekly Check In"},{"date":"2024-03-05","weight":11660,"reps":16,"maxReps":16,"program":"Program 3","dayTitle":"Weekly Check In"},{"date":"2024-04-23","weight":10786,"reps":10,"maxReps":10,"program":"Program 3","dayTitle":"Weekly Check In"}]}],"programColors":{"Program 1":"#22C55E","Program 2":"#3B82F6","Program 3":"#A855F7","Program 4":"#F59E0B","Program 5":"#EF4444"}}$progress_json$::jsonb)
on conflict (id) do update set
  payload = excluded.payload,
  updated_at = now();

commit;
